2025-10-25 05:57:01.641043,Babylino_Sensitive_No1_2-5Kg_26_τμχ,alt=Γαλαξίας,2.33
2025-10-25 05:57:01.641043,Babylino_Premium_No1_2-5Kg_68_τμχ,Xalkiadakis,14.07
2025-10-25 05:57:01.641043,Babylino_Premium_No1_2-5Kg_68_τμχ,Masoutis,16.63
2025-10-25 05:57:01.641043,Babylino_Premium_No1_2-5Kg_68_τμχ,MyMarket,16.63
2025-10-25 05:57:01.641043,SANI_Sensitive_Υποσέντονα_Maxi_Plus_Fresh_90x60cm_15τεμ,Sklavenitis,3.89
2025-10-25 05:57:01.641043,SANI_Sensitive_Υποσέντονα_Maxi_Plus_Fresh_90x60cm_15τεμ,alt=Γαλαξίας,4.19
2025-10-25 05:57:01.641043,SANI_Sensitive_Υποσέντονα_Maxi_Plus_Fresh_90x60cm_15τεμ,Vassilopoulos,4.3
2025-10-25 05:57:01.641043,SANI_Sensitive_Υποσέντονα_Maxi_Plus_Fresh_90x60cm_15τεμ,Bazaar,4.69
2025-10-25 05:57:01.641043,SANI_Sensitive_Υποσέντονα_Maxi_Plus_Fresh_90x60cm_15τεμ,Thanopoulos,5.9
2025-10-25 05:57:01.641043,ECONOMY_Παιδικά_Υποσέντονα_60Χ90_12τεμ,MarketIn,4.74
2025-10-25 05:57:01.641043,Septona_Υποσέντονα_Dry_Plus_Regular_90x60_15τεμ,MyMarket,3.56
2025-10-25 05:57:01.641043,Septona_Υποσέντονα_Dry_Plus_Regular_90x60_15τεμ,alt=Γαλαξίας,4.4
2025-10-25 05:57:01.641043,Septona_Υποσέντονα_Dry_Plus_Regular_90x60_15τεμ,Masoutis,5.08
2025-10-25 05:57:01.641043,Υποσέντονα_ακράτειας_Sani_Sensitive_Maxi_Plus_15τμχ,alt=Γαλαξίας,3.82
2025-10-25 05:57:01.641043,Υποσέντονα_ακράτειας_Sani_Sensitive_Maxi_Plus_15τμχ,Krhtikos,4.23
2025-10-25 05:57:01.641043,Υποσέντονα_ακράτειας_Sani_Sensitive_Maxi_Plus_15τμχ,Masoutis,4.8
2025-10-25 05:57:01.641043,Υποσέντονα_ακράτειας_Sani_Sensitive_Maxi_Plus_15τμχ,MyMarket,4.8
2025-10-25 05:57:01.641043,Υποσέντονα_ακράτειας_Sani_Sensitive_Maxi_Plus_15τμχ,Thanopoulos,4.8
2025-10-25 05:57:01.641043,Υποσέντονα_ακράτειας_Sani_Sensitive_Maxi_Plus_15τμχ,Vassilopoulos,4.99
2025-10-25 05:57:01.641043,SETTE_Comfort_Υποσέντονα_60x90cm_15τεμ,Sklavenitis,3.6
2025-10-25 05:57:01.641043,ECONOMY_Υποσέντονα_60x90cm_15τεμ,MarketIn,3.49
2025-10-25 05:57:01.641043,SETTE_Elements_Υδρόφιλο_Βαμβάκι_100g,Sklavenitis,0.8
2025-10-25 05:57:01.641043,CARE_Βαμβάκι_Zig_Zag_100g,Vassilopoulos,0.84
2025-10-25 05:57:01.641043,GLOW&BEAUTY_Βαμβάκι_κομμένο_100gr,MarketIn,0.94
2025-10-25 05:57:01.641043,GLOW&BEAUTY_Βαμβάκι_100g,MarketIn,0.94
2025-10-25 05:57:01.641043,ECONOMY_Βαμβάκι_100gr,MarketIn,1.09
2025-10-25 05:57:01.641043,Μέγα_Βαμβάκι_100gr,MyMarket,1.35
2025-10-25 05:57:01.641043,Μέγα_Βαμβάκι_100gr,Masoutis,1.4
2025-10-25 05:57:01.641043,Μέγα_Βαμβάκι_100gr,Sklavenitis,1.4
2025-10-25 05:57:01.641043,Μέγα_Βαμβάκι_100gr,Thanopoulos,1.4
2025-10-25 05:57:01.641043,Μέγα_Βαμβάκι_100gr,Krhtikos,1.45
2025-10-25 05:57:01.641043,Μέγα_Βαμβάκι_100gr,Vassilopoulos,1.47
2025-10-25 05:57:01.641043,Μέγα_Βαμβάκι_100gr,Bazaar,1.5
2025-10-25 05:57:01.641043,Μέγα_Βαμβάκι_100gr,alt=Γαλαξίας,1.55
2025-10-25 06:05:31.723969,Babylino_Sensitive_No1_2-5Kg_26_τμχ,alt=Γαλαξίας,2.33
2025-10-25 06:05:31.723969,Babylino_Premium_No1_2-5Kg_68_τμχ,Xalkiadakis,14.07
2025-10-25 06:05:31.723969,Babylino_Premium_No1_2-5Kg_68_τμχ,Masoutis,16.63
2025-10-25 06:05:31.723969,Babylino_Premium_No1_2-5Kg_68_τμχ,MyMarket,16.63
2025-10-25 06:05:31.723969,SANI_Sensitive_Υποσέντονα_Maxi_Plus_Fresh_90x60cm_15τεμ,Sklavenitis,3.89
2025-10-25 06:05:31.723969,SANI_Sensitive_Υποσέντονα_Maxi_Plus_Fresh_90x60cm_15τεμ,alt=Γαλαξίας,4.19
2025-10-25 06:05:31.723969,SANI_Sensitive_Υποσέντονα_Maxi_Plus_Fresh_90x60cm_15τεμ,Vassilopoulos,4.3
2025-10-25 06:05:31.723969,SANI_Sensitive_Υποσέντονα_Maxi_Plus_Fresh_90x60cm_15τεμ,Bazaar,4.69
2025-10-25 06:05:31.723969,SANI_Sensitive_Υποσέντονα_Maxi_Plus_Fresh_90x60cm_15τεμ,Thanopoulos,5.9
2025-10-25 06:05:31.723969,ECONOMY_Παιδικά_Υποσέντονα_60Χ90_12τεμ,MarketIn,4.74
2025-10-25 06:05:31.723969,Septona_Υποσέντονα_Dry_Plus_Regular_90x60_15τεμ,MyMarket,3.56
2025-10-25 06:05:31.723969,Septona_Υποσέντονα_Dry_Plus_Regular_90x60_15τεμ,alt=Γαλαξίας,4.4
2025-10-25 06:05:31.723969,Septona_Υποσέντονα_Dry_Plus_Regular_90x60_15τεμ,Masoutis,5.08
2025-10-25 06:05:31.723969,Υποσέντονα_ακράτειας_Sani_Sensitive_Maxi_Plus_15τμχ,alt=Γαλαξίας,3.82
2025-10-25 06:05:31.723969,Υποσέντονα_ακράτειας_Sani_Sensitive_Maxi_Plus_15τμχ,Krhtikos,4.23
2025-10-25 06:05:31.723969,Υποσέντονα_ακράτειας_Sani_Sensitive_Maxi_Plus_15τμχ,Masoutis,4.8
2025-10-25 06:05:31.723969,Υποσέντονα_ακράτειας_Sani_Sensitive_Maxi_Plus_15τμχ,MyMarket,4.8
2025-10-25 06:05:31.723969,Υποσέντονα_ακράτειας_Sani_Sensitive_Maxi_Plus_15τμχ,Thanopoulos,4.8
2025-10-25 06:05:31.723969,Υποσέντονα_ακράτειας_Sani_Sensitive_Maxi_Plus_15τμχ,Vassilopoulos,4.99
2025-10-25 06:05:31.723969,SETTE_Comfort_Υποσέντονα_60x90cm_15τεμ,Sklavenitis,3.6
2025-10-25 06:05:31.723969,ECONOMY_Υποσέντονα_60x90cm_15τεμ,MarketIn,3.49
2025-10-25 06:05:31.723969,SETTE_Elements_Υδρόφιλο_Βαμβάκι_100g,Sklavenitis,0.8
2025-10-25 06:05:31.723969,CARE_Βαμβάκι_Zig_Zag_100g,Vassilopoulos,0.84
2025-10-25 06:05:31.723969,GLOW&BEAUTY_Βαμβάκι_κομμένο_100gr,MarketIn,0.94
2025-10-25 06:05:31.723969,GLOW&BEAUTY_Βαμβάκι_100g,MarketIn,0.94
2025-10-25 06:05:31.723969,ECONOMY_Βαμβάκι_100gr,MarketIn,1.09
2025-10-25 06:05:31.723969,Μέγα_Βαμβάκι_100gr,MyMarket,1.35
2025-10-25 06:05:31.723969,Μέγα_Βαμβάκι_100gr,Masoutis,1.4
2025-10-25 06:05:31.723969,Μέγα_Βαμβάκι_100gr,Sklavenitis,1.4
2025-10-25 06:05:31.723969,Μέγα_Βαμβάκι_100gr,Thanopoulos,1.4
2025-10-25 06:05:31.723969,Μέγα_Βαμβάκι_100gr,Krhtikos,1.45
2025-10-25 06:05:31.723969,Μέγα_Βαμβάκι_100gr,Vassilopoulos,1.47
2025-10-25 06:05:31.723969,Μέγα_Βαμβάκι_100gr,Bazaar,1.5
2025-10-25 06:05:31.723969,Μέγα_Βαμβάκι_100gr,alt=Γαλαξίας,1.55
2025-10-25 06:05:49.238523,Babylino_Sensitive_No1_2-5Kg_26_τμχ,alt=Γαλαξίας,2.33
2025-10-25 06:05:49.238523,Babylino_Premium_No1_2-5Kg_68_τμχ,Xalkiadakis,14.07
2025-10-25 06:05:49.238523,Babylino_Premium_No1_2-5Kg_68_τμχ,Masoutis,16.63
2025-10-25 06:05:49.238523,Babylino_Premium_No1_2-5Kg_68_τμχ,MyMarket,16.63
2025-10-25 06:05:49.238523,SANI_Sensitive_Υποσέντονα_Maxi_Plus_Fresh_90x60cm_15τεμ,Sklavenitis,3.89
2025-10-25 06:05:49.238523,SANI_Sensitive_Υποσέντονα_Maxi_Plus_Fresh_90x60cm_15τεμ,alt=Γαλαξίας,4.19
2025-10-25 06:05:49.238523,SANI_Sensitive_Υποσέντονα_Maxi_Plus_Fresh_90x60cm_15τεμ,Vassilopoulos,4.3
2025-10-25 06:05:49.238523,SANI_Sensitive_Υποσέντονα_Maxi_Plus_Fresh_90x60cm_15τεμ,Bazaar,4.69
2025-10-25 06:05:49.238523,SANI_Sensitive_Υποσέντονα_Maxi_Plus_Fresh_90x60cm_15τεμ,Thanopoulos,5.9
2025-10-25 06:05:49.238523,ECONOMY_Παιδικά_Υποσέντονα_60Χ90_12τεμ,MarketIn,4.74
2025-10-25 06:05:49.238523,Septona_Υποσέντονα_Dry_Plus_Regular_90x60_15τεμ,MyMarket,3.56
2025-10-25 06:05:49.238523,Septona_Υποσέντονα_Dry_Plus_Regular_90x60_15τεμ,alt=Γαλαξίας,4.4
2025-10-25 06:05:49.238523,Septona_Υποσέντονα_Dry_Plus_Regular_90x60_15τεμ,Masoutis,5.08
2025-10-25 06:05:49.238523,Υποσέντονα_ακράτειας_Sani_Sensitive_Maxi_Plus_15τμχ,alt=Γαλαξίας,3.82
2025-10-25 06:05:49.238523,Υποσέντονα_ακράτειας_Sani_Sensitive_Maxi_Plus_15τμχ,Krhtikos,4.23
2025-10-25 06:05:49.238523,Υποσέντονα_ακράτειας_Sani_Sensitive_Maxi_Plus_15τμχ,Masoutis,4.8
2025-10-25 06:05:49.238523,Υποσέντονα_ακράτειας_Sani_Sensitive_Maxi_Plus_15τμχ,MyMarket,4.8
2025-10-25 06:05:49.238523,Υποσέντονα_ακράτειας_Sani_Sensitive_Maxi_Plus_15τμχ,Thanopoulos,4.8
2025-10-25 06:05:49.238523,Υποσέντονα_ακράτειας_Sani_Sensitive_Maxi_Plus_15τμχ,Vassilopoulos,4.99
2025-10-25 06:05:49.238523,SETTE_Comfort_Υποσέντονα_60x90cm_15τεμ,Sklavenitis,3.6
2025-10-25 06:05:49.238523,ECONOMY_Υποσέντονα_60x90cm_15τεμ,MarketIn,3.49
2025-10-25 06:05:49.238523,SETTE_Elements_Υδρόφιλο_Βαμβάκι_100g,Sklavenitis,0.8
2025-10-25 06:05:49.238523,CARE_Βαμβάκι_Zig_Zag_100g,Vassilopoulos,0.84
2025-10-25 06:05:49.238523,GLOW&BEAUTY_Βαμβάκι_κομμένο_100gr,MarketIn,0.94
2025-10-25 06:05:49.238523,GLOW&BEAUTY_Βαμβάκι_100g,MarketIn,0.94
2025-10-25 06:05:49.238523,ECONOMY_Βαμβάκι_100gr,MarketIn,1.09
2025-10-25 06:05:49.238523,Μέγα_Βαμβάκι_100gr,MyMarket,1.35
2025-10-25 06:05:49.238523,Μέγα_Βαμβάκι_100gr,Masoutis,1.4
2025-10-25 06:05:49.238523,Μέγα_Βαμβάκι_100gr,Sklavenitis,1.4
2025-10-25 06:05:49.238523,Μέγα_Βαμβάκι_100gr,Thanopoulos,1.4
2025-10-25 06:05:49.238523,Μέγα_Βαμβάκι_100gr,Krhtikos,1.45
2025-10-25 06:05:49.238523,Μέγα_Βαμβάκι_100gr,Vassilopoulos,1.47
2025-10-25 06:05:49.238523,Μέγα_Βαμβάκι_100gr,Bazaar,1.5
2025-10-25 06:05:49.238523,Μέγα_Βαμβάκι_100gr,alt=Γαλαξίας,1.55
2025-10-25 14:58:32.551618,Babylino_Sensitive_No1_2-5Kg_26_τμχ,alt=Γαλαξίας,2.33
2025-10-25 14:58:32.551618,Babylino_Premium_No1_2-5Kg_68_τμχ,Xalkiadakis,14.07
2025-10-25 14:58:32.551618,Babylino_Premium_No1_2-5Kg_68_τμχ,Masoutis,16.63
2025-10-25 14:58:32.551618,Babylino_Premium_No1_2-5Kg_68_τμχ,MyMarket,16.63
2025-10-25 14:58:32.551618,SANI_Sensitive_Υποσέντονα_Maxi_Plus_Fresh_90x60cm_15τεμ,Sklavenitis,3.89
2025-10-25 14:58:32.551618,SANI_Sensitive_Υποσέντονα_Maxi_Plus_Fresh_90x60cm_15τεμ,alt=Γαλαξίας,4.19
2025-10-25 14:58:32.551618,SANI_Sensitive_Υποσέντονα_Maxi_Plus_Fresh_90x60cm_15τεμ,Vassilopoulos,4.3
2025-10-25 14:58:32.551618,SANI_Sensitive_Υποσέντονα_Maxi_Plus_Fresh_90x60cm_15τεμ,Bazaar,4.69
2025-10-25 14:58:32.551618,SANI_Sensitive_Υποσέντονα_Maxi_Plus_Fresh_90x60cm_15τεμ,Thanopoulos,5.9
2025-10-25 14:58:32.551618,ECONOMY_Παιδικά_Υποσέντονα_60Χ90_12τεμ,MarketIn,4.74
2025-10-25 14:58:32.551618,Septona_Υποσέντονα_Dry_Plus_Regular_90x60_15τεμ,MyMarket,3.56
2025-10-25 14:58:32.551618,Septona_Υποσέντονα_Dry_Plus_Regular_90x60_15τεμ,alt=Γαλαξίας,4.4
2025-10-25 14:58:32.551618,Septona_Υποσέντονα_Dry_Plus_Regular_90x60_15τεμ,Masoutis,5.08
2025-10-25 14:58:32.551618,Υποσέντονα_ακράτειας_Sani_Sensitive_Maxi_Plus_15τμχ,alt=Γαλαξίας,3.82
2025-10-25 14:58:32.551618,Υποσέντονα_ακράτειας_Sani_Sensitive_Maxi_Plus_15τμχ,Krhtikos,4.23
2025-10-25 14:58:32.551618,Υποσέντονα_ακράτειας_Sani_Sensitive_Maxi_Plus_15τμχ,Masoutis,4.8
2025-10-25 14:58:32.551618,Υποσέντονα_ακράτειας_Sani_Sensitive_Maxi_Plus_15τμχ,MyMarket,4.8
2025-10-25 14:58:32.551618,Υποσέντονα_ακράτειας_Sani_Sensitive_Maxi_Plus_15τμχ,Thanopoulos,4.8
2025-10-25 14:58:32.551618,Υποσέντονα_ακράτειας_Sani_Sensitive_Maxi_Plus_15τμχ,Vassilopoulos,4.99
2025-10-25 14:58:32.551618,SETTE_Comfort_Υποσέντονα_60x90cm_15τεμ,Sklavenitis,3.6
2025-10-25 14:58:32.551618,ECONOMY_Υποσέντονα_60x90cm_15τεμ,MarketIn,3.49
2025-10-25 14:58:32.551618,SETTE_Elements_Υδρόφιλο_Βαμβάκι_100g,Sklavenitis,0.8
2025-10-25 14:58:32.551618,CARE_Βαμβάκι_Zig_Zag_100g,Vassilopoulos,0.84
2025-10-25 14:58:32.551618,GLOW&BEAUTY_Βαμβάκι_κομμένο_100gr,MarketIn,0.94
2025-10-25 14:58:32.551618,GLOW&BEAUTY_Βαμβάκι_100g,MarketIn,0.94
2025-10-25 14:58:32.551618,ECONOMY_Βαμβάκι_100gr,MarketIn,1.09
2025-10-25 14:58:32.551618,Μέγα_Βαμβάκι_100gr,MyMarket,1.35
2025-10-25 14:58:32.551618,Μέγα_Βαμβάκι_100gr,Masoutis,1.4
2025-10-25 14:58:32.551618,Μέγα_Βαμβάκι_100gr,Sklavenitis,1.4
2025-10-25 14:58:32.551618,Μέγα_Βαμβάκι_100gr,Thanopoulos,1.4
2025-10-25 14:58:32.551618,Μέγα_Βαμβάκι_100gr,Krhtikos,1.45
2025-10-25 14:58:32.551618,Μέγα_Βαμβάκι_100gr,Vassilopoulos,1.47
2025-10-25 14:58:32.551618,Μέγα_Βαμβάκι_100gr,Bazaar,1.5
2025-10-25 14:58:32.551618,Μέγα_Βαμβάκι_100gr,alt=Γαλαξίας,1.55
2025-10-25 17:56:33.444587,Babylino_Sensitive_No1_2-5Kg_26_τμχ,alt=Γαλαξίας,2.33
2025-10-25 17:56:33.444587,Babylino_Premium_No1_2-5Kg_68_τμχ,Xalkiadakis,14.07
2025-10-25 17:56:33.444587,Babylino_Premium_No1_2-5Kg_68_τμχ,Masoutis,16.63
2025-10-25 17:56:33.444587,Babylino_Premium_No1_2-5Kg_68_τμχ,MyMarket,16.63
2025-10-25 17:56:33.444587,SANI_Sensitive_Υποσέντονα_Maxi_Plus_Fresh_90x60cm_15τεμ,Sklavenitis,3.89
2025-10-25 17:56:33.444587,SANI_Sensitive_Υποσέντονα_Maxi_Plus_Fresh_90x60cm_15τεμ,alt=Γαλαξίας,4.19
2025-10-25 17:56:33.444587,SANI_Sensitive_Υποσέντονα_Maxi_Plus_Fresh_90x60cm_15τεμ,Vassilopoulos,4.3
2025-10-25 17:56:33.444587,SANI_Sensitive_Υποσέντονα_Maxi_Plus_Fresh_90x60cm_15τεμ,Bazaar,4.69
2025-10-25 17:56:33.444587,SANI_Sensitive_Υποσέντονα_Maxi_Plus_Fresh_90x60cm_15τεμ,Thanopoulos,5.9
2025-10-25 17:56:33.444587,ECONOMY_Παιδικά_Υποσέντονα_60Χ90_12τεμ,MarketIn,4.74
2025-10-25 17:56:33.444587,Septona_Υποσέντονα_Dry_Plus_Regular_90x60_15τεμ,MyMarket,3.56
2025-10-25 17:56:33.444587,Septona_Υποσέντονα_Dry_Plus_Regular_90x60_15τεμ,alt=Γαλαξίας,4.4
2025-10-25 17:56:33.444587,Septona_Υποσέντονα_Dry_Plus_Regular_90x60_15τεμ,Masoutis,5.08
2025-10-25 17:56:33.444587,Υποσέντονα_ακράτειας_Sani_Sensitive_Maxi_Plus_15τμχ,alt=Γαλαξίας,3.82
2025-10-25 17:56:33.444587,Υποσέντονα_ακράτειας_Sani_Sensitive_Maxi_Plus_15τμχ,Krhtikos,4.23
2025-10-25 17:56:33.444587,Υποσέντονα_ακράτειας_Sani_Sensitive_Maxi_Plus_15τμχ,Masoutis,4.8
2025-10-25 17:56:33.444587,Υποσέντονα_ακράτειας_Sani_Sensitive_Maxi_Plus_15τμχ,MyMarket,4.8
2025-10-25 17:56:33.444587,Υποσέντονα_ακράτειας_Sani_Sensitive_Maxi_Plus_15τμχ,Thanopoulos,4.8
2025-10-25 17:56:33.444587,Υποσέντονα_ακράτειας_Sani_Sensitive_Maxi_Plus_15τμχ,Vassilopoulos,4.99
2025-10-25 17:56:33.444587,SETTE_Comfort_Υποσέντονα_60x90cm_15τεμ,Sklavenitis,3.6
2025-10-25 17:56:33.444587,ECONOMY_Υποσέντονα_60x90cm_15τεμ,MarketIn,3.49
2025-10-25 17:56:33.444587,SETTE_Elements_Υδρόφιλο_Βαμβάκι_200g,Sklavenitis,1.4
2025-10-25 17:56:33.444587,CARE_Βαμβάκι_Zig_Zag_100g,Vassilopoulos,0.84
2025-10-25 17:56:33.444587,GLOW&BEAUTY_Βαμβάκι_κομμένο_100gr,MarketIn,0.94
2025-10-25 17:56:33.444587,GLOW&BEAUTY_Βαμβάκι_100g,MarketIn,0.94
2025-10-25 17:56:33.444587,ECONOMY_Βαμβάκι_100gr,MarketIn,1.09
2025-10-25 17:56:33.444587,Μέγα_Βαμβάκι_200gr,MyMarket,2.55
2025-10-25 17:56:33.444587,Μέγα_Βαμβάκι_200gr,Masoutis,2.73
2025-10-25 17:56:33.444587,Μέγα_Βαμβάκι_200gr,Thanopoulos,2.73
2025-10-25 17:56:33.444587,Μέγα_Βαμβάκι_200gr,Vassilopoulos,2.87
2025-10-25 17:56:33.444587,My_Soft_Βαμβάκι_200g,MyMarket,1.67
2025-10-25 17:56:33.444587,CARE_Βαμβάκι_PreCut_200g,Vassilopoulos,1.47
2025-10-25 17:56:33.444587,MrGrand_Βαμβάκι_ΖικΖακ_200g,Masoutis,1.69
2025-10-25 17:56:33.444587,Waitrose_βαμβάκι_200g,Thanopoulos,3.7
2025-10-25 17:56:33.444587,SETTE_Elements_Υδρόφιλο_Βαμβάκι_100g,Sklavenitis,0.8
2025-10-26 05:52:23.884732,Babylino_Sensitive_No1_2-5Kg_26_τμχ,alt=Γαλαξίας,2.33
2025-10-26 05:52:23.884732,Babylino_Premium_No1_2-5Kg_68_τμχ,Xalkiadakis,14.07
2025-10-26 05:52:23.884732,Babylino_Premium_No1_2-5Kg_68_τμχ,Masoutis,16.63
2025-10-26 05:52:23.884732,Babylino_Premium_No1_2-5Kg_68_τμχ,MyMarket,16.63
2025-10-26 05:52:23.884732,SANI_Sensitive_Υποσέντονα_Maxi_Plus_Fresh_90x60cm_15τεμ,Sklavenitis,3.89
2025-10-26 05:52:23.884732,SANI_Sensitive_Υποσέντονα_Maxi_Plus_Fresh_90x60cm_15τεμ,alt=Γαλαξίας,4.19
2025-10-26 05:52:23.884732,SANI_Sensitive_Υποσέντονα_Maxi_Plus_Fresh_90x60cm_15τεμ,Vassilopoulos,4.3
2025-10-26 05:52:23.884732,SANI_Sensitive_Υποσέντονα_Maxi_Plus_Fresh_90x60cm_15τεμ,Bazaar,4.69
2025-10-26 05:52:23.884732,SANI_Sensitive_Υποσέντονα_Maxi_Plus_Fresh_90x60cm_15τεμ,Thanopoulos,5.9
2025-10-26 05:52:23.884732,ECONOMY_Παιδικά_Υποσέντονα_60Χ90_12τεμ,MarketIn,4.74
2025-10-26 05:52:23.884732,Septona_Υποσέντονα_Dry_Plus_Regular_90x60_15τεμ,MyMarket,3.56
2025-10-26 05:52:23.884732,Septona_Υποσέντονα_Dry_Plus_Regular_90x60_15τεμ,alt=Γαλαξίας,4.4
2025-10-26 05:52:23.884732,Septona_Υποσέντονα_Dry_Plus_Regular_90x60_15τεμ,Masoutis,5.08
2025-10-26 05:52:23.884732,Υποσέντονα_ακράτειας_Sani_Sensitive_Maxi_Plus_15τμχ,alt=Γαλαξίας,3.82
2025-10-26 05:52:23.884732,Υποσέντονα_ακράτειας_Sani_Sensitive_Maxi_Plus_15τμχ,Krhtikos,4.23
2025-10-26 05:52:23.884732,Υποσέντονα_ακράτειας_Sani_Sensitive_Maxi_Plus_15τμχ,Masoutis,4.8
2025-10-26 05:52:23.884732,Υποσέντονα_ακράτειας_Sani_Sensitive_Maxi_Plus_15τμχ,MyMarket,4.8
2025-10-26 05:52:23.884732,Υποσέντονα_ακράτειας_Sani_Sensitive_Maxi_Plus_15τμχ,Thanopoulos,4.8
2025-10-26 05:52:23.884732,Υποσέντονα_ακράτειας_Sani_Sensitive_Maxi_Plus_15τμχ,Vassilopoulos,4.99
2025-10-26 05:52:23.884732,SETTE_Comfort_Υποσέντονα_60x90cm_15τεμ,Sklavenitis,3.6
2025-10-26 05:52:23.884732,ECONOMY_Υποσέντονα_60x90cm_15τεμ,MarketIn,3.49
2025-10-26 05:52:23.884732,SETTE_Elements_Υδρόφιλο_Βαμβάκι_200g,Sklavenitis,1.4
2025-10-26 05:52:23.884732,CARE_Βαμβάκι_Zig_Zag_100g,Vassilopoulos,0.84
2025-10-26 05:52:23.884732,GLOW&BEAUTY_Βαμβάκι_κομμένο_100gr,MarketIn,0.94
2025-10-26 05:52:23.884732,GLOW&BEAUTY_Βαμβάκι_100g,MarketIn,0.94
2025-10-26 05:52:23.884732,ECONOMY_Βαμβάκι_100gr,MarketIn,1.09
2025-10-26 05:52:23.884732,Μέγα_Βαμβάκι_200gr,MyMarket,2.55
2025-10-26 05:52:23.884732,Μέγα_Βαμβάκι_200gr,Masoutis,2.73
2025-10-26 05:52:23.884732,Μέγα_Βαμβάκι_200gr,Thanopoulos,2.73
2025-10-26 05:52:23.884732,Μέγα_Βαμβάκι_200gr,Vassilopoulos,2.87
2025-10-26 05:52:23.884732,My_Soft_Βαμβάκι_200g,MyMarket,1.67
2025-10-26 05:52:23.884732,CARE_Βαμβάκι_PreCut_200g,Vassilopoulos,1.47
2025-10-26 05:52:23.884732,MrGrand_Βαμβάκι_ΖικΖακ_200g,Masoutis,1.69
2025-10-26 05:52:23.884732,Waitrose_βαμβάκι_200g,Thanopoulos,3.7
2025-10-26 05:52:23.884732,SETTE_Elements_Υδρόφιλο_Βαμβάκι_100g,Sklavenitis,0.8
2025-10-26 16:41:58.722364,Babylino_Sensitive_No1_2-5Kg_26_τμχ,alt=Γαλαξίας,2.33
2025-10-26 16:41:58.722364,Babylino_Premium_No1_2-5Kg_68_τμχ,Xalkiadakis,14.07
2025-10-26 16:41:58.722364,Babylino_Premium_No1_2-5Kg_68_τμχ,Masoutis,16.63
2025-10-26 16:41:58.722364,Babylino_Premium_No1_2-5Kg_68_τμχ,MyMarket,16.63
2025-10-26 16:41:58.722364,SANI_Sensitive_Υποσέντονα_Maxi_Plus_Fresh_90x60cm_15τεμ,Sklavenitis,3.89
2025-10-26 16:41:58.722364,SANI_Sensitive_Υποσέντονα_Maxi_Plus_Fresh_90x60cm_15τεμ,Xalkiadakis,3.9
2025-10-26 16:41:58.722364,SANI_Sensitive_Υποσέντονα_Maxi_Plus_Fresh_90x60cm_15τεμ,alt=Γαλαξίας,4.19
2025-10-26 16:41:58.722364,SANI_Sensitive_Υποσέντονα_Maxi_Plus_Fresh_90x60cm_15τεμ,Vassilopoulos,4.3
2025-10-26 16:41:58.722364,SANI_Sensitive_Υποσέντονα_Maxi_Plus_Fresh_90x60cm_15τεμ,Bazaar,4.69
2025-10-26 16:41:58.722364,SANI_Sensitive_Υποσέντονα_Maxi_Plus_Fresh_90x60cm_15τεμ,Thanopoulos,5.9
2025-10-26 16:41:58.722364,ECONOMY_Παιδικά_Υποσέντονα_60Χ90_12τεμ,MarketIn,4.74
2025-10-26 16:41:58.722364,Septona_Υποσέντονα_Dry_Plus_Regular_90x60_15τεμ,MyMarket,3.56
2025-10-26 16:41:58.722364,Septona_Υποσέντονα_Dry_Plus_Regular_90x60_15τεμ,alt=Γαλαξίας,4.4
2025-10-26 16:41:58.722364,Septona_Υποσέντονα_Dry_Plus_Regular_90x60_15τεμ,Masoutis,5.08
2025-10-26 16:41:58.722364,Septona_Υποσέντονα_Dry_Plus_Regular_90x60_15τεμ,Xalkiadakis,5.35
2025-10-26 16:41:58.722364,Υποσέντονα_ακράτειας_Sani_Sensitive_Maxi_Plus_15τμχ,alt=Γαλαξίας,3.82
2025-10-26 16:41:58.722364,Υποσέντονα_ακράτειας_Sani_Sensitive_Maxi_Plus_15τμχ,Krhtikos,4.23
2025-10-26 16:41:58.722364,Υποσέντονα_ακράτειας_Sani_Sensitive_Maxi_Plus_15τμχ,Masoutis,4.8
2025-10-26 16:41:58.722364,Υποσέντονα_ακράτειας_Sani_Sensitive_Maxi_Plus_15τμχ,MyMarket,4.8
2025-10-26 16:41:58.722364,Υποσέντονα_ακράτειας_Sani_Sensitive_Maxi_Plus_15τμχ,Thanopoulos,4.8
2025-10-26 16:41:58.722364,Υποσέντονα_ακράτειας_Sani_Sensitive_Maxi_Plus_15τμχ,Vassilopoulos,4.99
2025-10-26 16:41:58.722364,SETTE_Comfort_Υποσέντονα_60x90cm_15τεμ,Sklavenitis,3.6
2025-10-26 16:41:58.722364,ECONOMY_Υποσέντονα_60x90cm_15τεμ,MarketIn,3.49
2025-10-26 16:41:58.722364,SETTE_Elements_Υδρόφιλο_Βαμβάκι_200g,Sklavenitis,1.4
2025-10-26 16:41:58.722364,SETTE_Elements_Υδρόφιλο_Βαμβάκι_200g,Xalkiadakis,1.4
2025-10-26 16:41:58.722364,CARE_Βαμβάκι_Zig_Zag_100g,Vassilopoulos,0.84
2025-10-26 16:41:58.722364,GLOW&BEAUTY_Βαμβάκι_κομμένο_100gr,MarketIn,0.94
2025-10-26 16:41:58.722364,GLOW&BEAUTY_Βαμβάκι_100g,MarketIn,0.94
2025-10-26 16:41:58.722364,ECONOMY_Βαμβάκι_100gr,MarketIn,1.09
2025-10-26 16:41:58.722364,Μέγα_Βαμβάκι_200gr,MyMarket,2.55
2025-10-26 16:41:58.722364,Μέγα_Βαμβάκι_200gr,Xalkiadakis,2.72
2025-10-26 16:41:58.722364,Μέγα_Βαμβάκι_200gr,Masoutis,2.73
2025-10-26 16:41:58.722364,Μέγα_Βαμβάκι_200gr,Thanopoulos,2.73
2025-10-26 16:41:58.722364,Μέγα_Βαμβάκι_200gr,Vassilopoulos,2.87
2025-10-26 16:41:58.722364,My_Soft_Βαμβάκι_200g,MyMarket,1.67
2025-10-26 16:41:58.722364,CARE_Βαμβάκι_PreCut_200g,Vassilopoulos,1.47
2025-10-26 16:41:58.722364,MrGrand_Βαμβάκι_ΖικΖακ_200g,Masoutis,1.69
2025-10-26 16:41:58.722364,Waitrose_βαμβάκι_200g,Thanopoulos,3.7
2025-10-26 16:41:58.722364,SETTE_Elements_Υδρόφιλο_Βαμβάκι_100g,Sklavenitis,0.8
2025-10-26 16:41:58.722364,SETTE_Elements_Υδρόφιλο_Βαμβάκι_100g,Xalkiadakis,0.8
2025-10-27 16:29:40.149882,Babylino_Sensitive_No1_2-5Kg_26_τμχ,alt=Γαλαξίας,2.33
2025-10-27 16:29:40.149882,Babylino_Premium_No1_2-5Kg_68_τμχ,Xalkiadakis,14.07
2025-10-27 16:29:40.149882,Babylino_Premium_No1_2-5Kg_68_τμχ,Masoutis,16.63
2025-10-27 16:29:40.149882,Babylino_Premium_No1_2-5Kg_68_τμχ,MyMarket,16.63
2025-10-27 16:29:40.149882,SANI_Sensitive_Υποσέντονα_Maxi_Plus_Fresh_90x60cm_15τεμ,Sklavenitis,3.89
2025-10-27 16:29:40.149882,SANI_Sensitive_Υποσέντονα_Maxi_Plus_Fresh_90x60cm_15τεμ,Xalkiadakis,3.9
2025-10-27 16:29:40.149882,SANI_Sensitive_Υποσέντονα_Maxi_Plus_Fresh_90x60cm_15τεμ,alt=Γαλαξίας,4.19
2025-10-27 16:29:40.149882,SANI_Sensitive_Υποσέντονα_Maxi_Plus_Fresh_90x60cm_15τεμ,Vassilopoulos,4.3
2025-10-27 16:29:40.149882,SANI_Sensitive_Υποσέντονα_Maxi_Plus_Fresh_90x60cm_15τεμ,Bazaar,4.69
2025-10-27 16:29:40.149882,SANI_Sensitive_Υποσέντονα_Maxi_Plus_Fresh_90x60cm_15τεμ,Thanopoulos,5.9
2025-10-27 16:29:40.149882,ECONOMY_Παιδικά_Υποσέντονα_60Χ90_12τεμ,MarketIn,4.74
2025-10-27 16:29:40.149882,Septona_Υποσέντονα_Dry_Plus_Regular_90x60_15τεμ,MyMarket,3.56
2025-10-27 16:29:40.149882,Septona_Υποσέντονα_Dry_Plus_Regular_90x60_15τεμ,alt=Γαλαξίας,4.4
2025-10-27 16:29:40.149882,Septona_Υποσέντονα_Dry_Plus_Regular_90x60_15τεμ,Masoutis,5.08
2025-10-27 16:29:40.149882,Septona_Υποσέντονα_Dry_Plus_Regular_90x60_15τεμ,Xalkiadakis,5.35
2025-10-27 16:29:40.149882,Υποσέντονα_ακράτειας_Sani_Sensitive_Maxi_Plus_15τμχ,alt=Γαλαξίας,3.82
2025-10-27 16:29:40.149882,Υποσέντονα_ακράτειας_Sani_Sensitive_Maxi_Plus_15τμχ,Krhtikos,4.23
2025-10-27 16:29:40.149882,Υποσέντονα_ακράτειας_Sani_Sensitive_Maxi_Plus_15τμχ,Masoutis,4.8
2025-10-27 16:29:40.149882,Υποσέντονα_ακράτειας_Sani_Sensitive_Maxi_Plus_15τμχ,MyMarket,4.8
2025-10-27 16:29:40.149882,Υποσέντονα_ακράτειας_Sani_Sensitive_Maxi_Plus_15τμχ,Thanopoulos,4.8
2025-10-27 16:29:40.149882,Υποσέντονα_ακράτειας_Sani_Sensitive_Maxi_Plus_15τμχ,Vassilopoulos,4.99
2025-10-27 16:29:40.149882,SETTE_Comfort_Υποσέντονα_60x90cm_15τεμ,Sklavenitis,3.6
2025-10-27 16:29:40.149882,ECONOMY_Υποσέντονα_60x90cm_15τεμ,MarketIn,3.49
2025-10-27 16:29:40.149882,SETTE_Elements_Υδρόφιλο_Βαμβάκι_200g,Sklavenitis,1.4
2025-10-27 16:29:40.149882,SETTE_Elements_Υδρόφιλο_Βαμβάκι_200g,Xalkiadakis,1.4
2025-10-27 16:29:40.149882,CARE_Βαμβάκι_Zig_Zag_100g,Vassilopoulos,0.84
2025-10-27 16:29:40.149882,GLOW&BEAUTY_Βαμβάκι_κομμένο_100gr,MarketIn,0.94
2025-10-27 16:29:40.149882,GLOW&BEAUTY_Βαμβάκι_100g,MarketIn,0.94
2025-10-27 16:29:40.149882,ECONOMY_Βαμβάκι_100gr,MarketIn,1.09
2025-10-27 16:29:40.149882,Μέγα_Βαμβάκι_200gr,MyMarket,2.55
2025-10-27 16:29:40.149882,Μέγα_Βαμβάκι_200gr,Xalkiadakis,2.72
2025-10-27 16:29:40.149882,Μέγα_Βαμβάκι_200gr,Masoutis,2.73
2025-10-27 16:29:40.149882,Μέγα_Βαμβάκι_200gr,Thanopoulos,2.73
2025-10-27 16:29:40.149882,Μέγα_Βαμβάκι_200gr,Vassilopoulos,2.87
2025-10-27 16:29:40.149882,My_Soft_Βαμβάκι_200g,MyMarket,1.67
2025-10-27 16:29:40.149882,CARE_Βαμβάκι_PreCut_200g,Vassilopoulos,1.47
2025-10-27 16:29:40.149882,MrGrand_Βαμβάκι_ΖικΖακ_200g,Masoutis,1.69
2025-10-27 16:29:40.149882,Waitrose_βαμβάκι_200g,Thanopoulos,3.7
2025-10-27 16:29:40.149882,SETTE_Elements_Υδρόφιλο_Βαμβάκι_100g,Sklavenitis,0.8
2025-10-27 16:29:40.149882,SETTE_Elements_Υδρόφιλο_Βαμβάκι_100g,Xalkiadakis,0.8
2025-10-29 19:33:32.766773,Babylino_Sensitive_No1_2-5Kg_26_τμχ,alt=Γαλαξίας,3.43
2025-10-29 19:33:32.766773,Babylino_Premium_No1_2-5Kg_68_τμχ,Xalkiadakis,14.07
2025-10-29 19:33:32.766773,Babylino_Premium_No1_2-5Kg_68_τμχ,Masoutis,16.63
2025-10-29 19:33:32.766773,Babylino_Premium_No1_2-5Kg_68_τμχ,MyMarket,16.63
2025-10-29 19:33:32.766773,SANI_Sensitive_Υποσέντονα_Maxi_Plus_Fresh_90x60cm_15τεμ,Sklavenitis,3.89
2025-10-29 19:33:32.766773,SANI_Sensitive_Υποσέντονα_Maxi_Plus_Fresh_90x60cm_15τεμ,Xalkiadakis,3.9
2025-10-29 19:33:32.766773,SANI_Sensitive_Υποσέντονα_Maxi_Plus_Fresh_90x60cm_15τεμ,Vassilopoulos,4.3
2025-10-29 19:33:32.766773,SANI_Sensitive_Υποσέντονα_Maxi_Plus_Fresh_90x60cm_15τεμ,Bazaar,4.69
2025-10-29 19:33:32.766773,SANI_Sensitive_Υποσέντονα_Maxi_Plus_Fresh_90x60cm_15τεμ,Thanopoulos,5.9
2025-10-29 19:33:32.766773,SANI_Sensitive_Υποσέντονα_Maxi_Plus_Fresh_90x60cm_15τεμ,alt=Γαλαξίας,5.99
2025-10-29 19:33:32.766773,ECONOMY_Παιδικά_Υποσέντονα_60Χ90_12τεμ,MarketIn,4.74
2025-10-29 19:33:32.766773,Septona_Υποσέντονα_Dry_Plus_Regular_90x60_15τεμ,MyMarket,3.56
2025-10-29 19:33:32.766773,Septona_Υποσέντονα_Dry_Plus_Regular_90x60_15τεμ,Masoutis,5.08
2025-10-29 19:33:32.766773,Septona_Υποσέντονα_Dry_Plus_Regular_90x60_15τεμ,Xalkiadakis,5.35
2025-10-29 19:33:32.766773,Septona_Υποσέντονα_Dry_Plus_Regular_90x60_15τεμ,alt=Γαλαξίας,6.29
2025-10-29 19:33:32.766773,Υποσέντονα_ακράτειας_Sani_Sensitive_Maxi_Plus_15τμχ,Krhtikos,4.23
2025-10-29 19:33:32.766773,Υποσέντονα_ακράτειας_Sani_Sensitive_Maxi_Plus_15τμχ,alt=Γαλαξίας,4.78
2025-10-29 19:33:32.766773,Υποσέντονα_ακράτειας_Sani_Sensitive_Maxi_Plus_15τμχ,Masoutis,4.8
2025-10-29 19:33:32.766773,Υποσέντονα_ακράτειας_Sani_Sensitive_Maxi_Plus_15τμχ,MyMarket,4.8
2025-10-29 19:33:32.766773,Υποσέντονα_ακράτειας_Sani_Sensitive_Maxi_Plus_15τμχ,Thanopoulos,4.8
2025-10-29 19:33:32.766773,Υποσέντονα_ακράτειας_Sani_Sensitive_Maxi_Plus_15τμχ,Vassilopoulos,4.99
2025-10-29 19:33:32.766773,SETTE_Comfort_Υποσέντονα_60x90cm_15τεμ,Sklavenitis,3.6
2025-10-29 19:33:32.766773,ECONOMY_Υποσέντονα_60x90cm_15τεμ,MarketIn,3.49
2025-10-29 19:33:32.766773,SETTE_Elements_Υδρόφιλο_Βαμβάκι_200g,Sklavenitis,1.4
2025-10-29 19:33:32.766773,SETTE_Elements_Υδρόφιλο_Βαμβάκι_200g,Xalkiadakis,1.4
2025-10-29 19:33:32.766773,CARE_Βαμβάκι_Zig_Zag_100g,Vassilopoulos,0.84
2025-10-29 19:33:32.766773,GLOW&BEAUTY_Βαμβάκι_κομμένο_100gr,MarketIn,0.94
2025-10-29 19:33:32.766773,GLOW&BEAUTY_Βαμβάκι_100g,MarketIn,0.94
2025-10-29 19:33:32.766773,ECONOMY_Βαμβάκι_100gr,MarketIn,1.09
2025-10-29 19:33:32.766773,Μέγα_Βαμβάκι_200gr,MyMarket,2.55
2025-10-29 19:33:32.766773,Μέγα_Βαμβάκι_200gr,Xalkiadakis,2.72
2025-10-29 19:33:32.766773,Μέγα_Βαμβάκι_200gr,Masoutis,2.73
2025-10-29 19:33:32.766773,Μέγα_Βαμβάκι_200gr,Thanopoulos,2.73
2025-10-29 19:33:32.766773,Μέγα_Βαμβάκι_200gr,Vassilopoulos,2.87
2025-10-29 19:33:32.766773,My_Soft_Βαμβάκι_200g,MyMarket,1.67
2025-10-29 19:33:32.766773,CARE_Βαμβάκι_PreCut_200g,Vassilopoulos,1.47
2025-10-29 19:33:32.766773,MrGrand_Βαμβάκι_ΖικΖακ_200g,Masoutis,1.69
2025-10-29 19:33:32.766773,Waitrose_βαμβάκι_200g,Thanopoulos,3.7
2025-10-29 19:33:32.766773,SETTE_Elements_Υδρόφιλο_Βαμβάκι_100g,Sklavenitis,0.8
2025-10-29 19:33:32.766773,SETTE_Elements_Υδρόφιλο_Βαμβάκι_100g,Xalkiadakis,0.8
2025-10-31 03:31:39.860599,Babylino_Sensitive_No1_2-5Kg_26_τμχ,alt=Γαλαξίας,2.33
2025-10-31 03:31:39.860599,Babylino_Premium_No1_2-5Kg_68_τμχ,Xalkiadakis,14.07
2025-10-31 03:31:39.860599,Babylino_Premium_No1_2-5Kg_68_τμχ,Masoutis,16.63
2025-10-31 03:31:39.860599,Babylino_Premium_No1_2-5Kg_68_τμχ,MyMarket,16.63
2025-10-31 03:31:39.860599,SANI_Sensitive_Υποσέντονα_Maxi_Plus_Fresh_90x60cm_15τεμ,Sklavenitis,3.89
2025-10-31 03:31:39.860599,SANI_Sensitive_Υποσέντονα_Maxi_Plus_Fresh_90x60cm_15τεμ,Xalkiadakis,3.9
2025-10-31 03:31:39.860599,SANI_Sensitive_Υποσέντονα_Maxi_Plus_Fresh_90x60cm_15τεμ,alt=Γαλαξίας,4.19
2025-10-31 03:31:39.860599,SANI_Sensitive_Υποσέντονα_Maxi_Plus_Fresh_90x60cm_15τεμ,Vassilopoulos,4.3
2025-10-31 03:31:39.860599,SANI_Sensitive_Υποσέντονα_Maxi_Plus_Fresh_90x60cm_15τεμ,Bazaar,4.69
2025-10-31 03:31:39.860599,SANI_Sensitive_Υποσέντονα_Maxi_Plus_Fresh_90x60cm_15τεμ,Thanopoulos,5.9
2025-10-31 03:31:39.860599,ECONOMY_Παιδικά_Υποσέντονα_60Χ90_12τεμ,MarketIn,4.74
2025-10-31 03:31:39.860599,Septona_Υποσέντονα_Dry_Plus_Regular_90x60_15τεμ,MyMarket,3.56
2025-10-31 03:31:39.860599,Septona_Υποσέντονα_Dry_Plus_Regular_90x60_15τεμ,alt=Γαλαξίας,4.4
2025-10-31 03:31:39.860599,Septona_Υποσέντονα_Dry_Plus_Regular_90x60_15τεμ,Masoutis,5.08
2025-10-31 03:31:39.860599,Septona_Υποσέντονα_Dry_Plus_Regular_90x60_15τεμ,Xalkiadakis,5.35
2025-10-31 03:31:39.860599,Υποσέντονα_ακράτειας_Sani_Sensitive_Maxi_Plus_15τμχ,alt=Γαλαξίας,3.82
2025-10-31 03:31:39.860599,Υποσέντονα_ακράτειας_Sani_Sensitive_Maxi_Plus_15τμχ,Krhtikos,4.23
2025-10-31 03:31:39.860599,Υποσέντονα_ακράτειας_Sani_Sensitive_Maxi_Plus_15τμχ,Masoutis,4.8
2025-10-31 03:31:39.860599,Υποσέντονα_ακράτειας_Sani_Sensitive_Maxi_Plus_15τμχ,MyMarket,4.8
2025-10-31 03:31:39.860599,Υποσέντονα_ακράτειας_Sani_Sensitive_Maxi_Plus_15τμχ,Thanopoulos,4.8
2025-10-31 03:31:39.860599,Υποσέντονα_ακράτειας_Sani_Sensitive_Maxi_Plus_15τμχ,Vassilopoulos,4.99
2025-10-31 03:31:39.860599,SETTE_Comfort_Υποσέντονα_60x90cm_15τεμ,Sklavenitis,3.6
2025-10-31 03:31:39.860599,ECONOMY_Υποσέντονα_60x90cm_15τεμ,MarketIn,3.49
2025-10-31 03:31:39.860599,SETTE_Elements_Υδρόφιλο_Βαμβάκι_200g,Sklavenitis,1.4
2025-10-31 03:31:39.860599,SETTE_Elements_Υδρόφιλο_Βαμβάκι_200g,Xalkiadakis,1.4
2025-10-31 03:31:39.860599,CARE_Βαμβάκι_Zig_Zag_100g,Vassilopoulos,0.84
2025-10-31 03:31:39.860599,GLOW&BEAUTY_Βαμβάκι_κομμένο_100gr,MarketIn,0.94
2025-10-31 03:31:39.860599,GLOW&BEAUTY_Βαμβάκι_100g,MarketIn,0.94
2025-10-31 03:31:39.860599,ECONOMY_Βαμβάκι_100gr,MarketIn,1.09
2025-10-31 03:31:39.860599,Μέγα_Βαμβάκι_200gr,MyMarket,2.55
2025-10-31 03:31:39.860599,Μέγα_Βαμβάκι_200gr,Xalkiadakis,2.72
2025-10-31 03:31:39.860599,Μέγα_Βαμβάκι_200gr,Masoutis,2.73
2025-10-31 03:31:39.860599,Μέγα_Βαμβάκι_200gr,Thanopoulos,2.73
2025-10-31 03:31:39.860599,Μέγα_Βαμβάκι_200gr,Vassilopoulos,2.87
2025-10-31 03:31:39.860599,My_Soft_Βαμβάκι_200g,MyMarket,1.67
2025-10-31 03:31:39.860599,CARE_Βαμβάκι_PreCut_200g,Vassilopoulos,1.47
2025-10-31 03:31:39.860599,MrGrand_Βαμβάκι_ΖικΖακ_200g,Masoutis,1.69
2025-10-31 03:31:39.860599,Waitrose_βαμβάκι_200g,Thanopoulos,3.7
2025-10-31 03:31:39.860599,SETTE_Elements_Υδρόφιλο_Βαμβάκι_100g,Sklavenitis,0.8
2025-10-31 03:31:39.860599,SETTE_Elements_Υδρόφιλο_Βαμβάκι_100g,Xalkiadakis,0.8
2025-10-31 19:52:17.815392,Babylino_Sensitive_No1_2-5Kg_26_τμχ,alt=Γαλαξίας,2.33
2025-10-31 19:52:17.815392,Babylino_Premium_No1_2-5Kg_68_τμχ,Xalkiadakis,14.07
2025-10-31 19:52:17.815392,Babylino_Premium_No1_2-5Kg_68_τμχ,Masoutis,16.63
2025-10-31 19:52:17.815392,Babylino_Premium_No1_2-5Kg_68_τμχ,MyMarket,16.63
2025-10-31 19:52:17.815392,SANI_Sensitive_Υποσέντονα_Maxi_Plus_Fresh_90x60cm_15τεμ,Sklavenitis,3.89
2025-10-31 19:52:17.815392,SANI_Sensitive_Υποσέντονα_Maxi_Plus_Fresh_90x60cm_15τεμ,Xalkiadakis,3.9
2025-10-31 19:52:17.815392,SANI_Sensitive_Υποσέντονα_Maxi_Plus_Fresh_90x60cm_15τεμ,alt=Γαλαξίας,4.19
2025-10-31 19:52:17.815392,SANI_Sensitive_Υποσέντονα_Maxi_Plus_Fresh_90x60cm_15τεμ,Vassilopoulos,4.3
2025-10-31 19:52:17.815392,SANI_Sensitive_Υποσέντονα_Maxi_Plus_Fresh_90x60cm_15τεμ,Bazaar,4.69
2025-10-31 19:52:17.815392,SANI_Sensitive_Υποσέντονα_Maxi_Plus_Fresh_90x60cm_15τεμ,Thanopoulos,5.9
2025-10-31 19:52:17.815392,ECONOMY_Παιδικά_Υποσέντονα_60Χ90_12τεμ,MarketIn,4.74
2025-10-31 19:52:17.815392,Septona_Υποσέντονα_Dry_Plus_Regular_90x60_15τεμ,MyMarket,3.56
2025-10-31 19:52:17.815392,Septona_Υποσέντονα_Dry_Plus_Regular_90x60_15τεμ,alt=Γαλαξίας,4.4
2025-10-31 19:52:17.815392,Septona_Υποσέντονα_Dry_Plus_Regular_90x60_15τεμ,Masoutis,5.08
2025-10-31 19:52:17.815392,Septona_Υποσέντονα_Dry_Plus_Regular_90x60_15τεμ,Xalkiadakis,5.35
2025-10-31 19:52:17.815392,Υποσέντονα_ακράτειας_Sani_Sensitive_Maxi_Plus_15τμχ,alt=Γαλαξίας,3.82
2025-10-31 19:52:17.815392,Υποσέντονα_ακράτειας_Sani_Sensitive_Maxi_Plus_15τμχ,Krhtikos,4.23
2025-10-31 19:52:17.815392,Υποσέντονα_ακράτειας_Sani_Sensitive_Maxi_Plus_15τμχ,Masoutis,4.8
2025-10-31 19:52:17.815392,Υποσέντονα_ακράτειας_Sani_Sensitive_Maxi_Plus_15τμχ,MyMarket,4.8
2025-10-31 19:52:17.815392,Υποσέντονα_ακράτειας_Sani_Sensitive_Maxi_Plus_15τμχ,Thanopoulos,4.8
2025-10-31 19:52:17.815392,Υποσέντονα_ακράτειας_Sani_Sensitive_Maxi_Plus_15τμχ,Vassilopoulos,4.99
2025-10-31 19:52:17.815392,SETTE_Comfort_Υποσέντονα_60x90cm_15τεμ,Sklavenitis,3.6
2025-10-31 19:52:17.815392,ECONOMY_Υποσέντονα_60x90cm_15τεμ,MarketIn,3.49
2025-10-31 19:52:17.815392,SETTE_Elements_Υδρόφιλο_Βαμβάκι_200g,Sklavenitis,1.4
2025-10-31 19:52:17.815392,SETTE_Elements_Υδρόφιλο_Βαμβάκι_200g,Xalkiadakis,1.4
2025-10-31 19:52:17.815392,CARE_Βαμβάκι_Zig_Zag_100g,Vassilopoulos,0.84
2025-10-31 19:52:17.815392,GLOW&BEAUTY_Βαμβάκι_κομμένο_100gr,MarketIn,0.94
2025-10-31 19:52:17.815392,GLOW&BEAUTY_Βαμβάκι_100g,MarketIn,0.94
2025-10-31 19:52:17.815392,ECONOMY_Βαμβάκι_100gr,MarketIn,1.09
2025-10-31 19:52:17.815392,Μέγα_Βαμβάκι_200gr,MyMarket,2.55
2025-10-31 19:52:17.815392,Μέγα_Βαμβάκι_200gr,Xalkiadakis,2.72
2025-10-31 19:52:17.815392,Μέγα_Βαμβάκι_200gr,Masoutis,2.73
2025-10-31 19:52:17.815392,Μέγα_Βαμβάκι_200gr,Thanopoulos,2.73
2025-10-31 19:52:17.815392,Μέγα_Βαμβάκι_200gr,Vassilopoulos,2.87
2025-10-31 19:52:17.815392,My_Soft_Βαμβάκι_200g,MyMarket,1.67
2025-10-31 19:52:17.815392,CARE_Βαμβάκι_PreCut_200g,Vassilopoulos,1.47
2025-10-31 19:52:17.815392,MrGrand_Βαμβάκι_ΖικΖακ_200g,Masoutis,1.69
2025-10-31 19:52:17.815392,Waitrose_βαμβάκι_200g,Thanopoulos,3.7
2025-10-31 19:52:17.815392,SETTE_Elements_Υδρόφιλο_Βαμβάκι_100g,Sklavenitis,0.8
2025-10-31 19:52:17.815392,SETTE_Elements_Υδρόφιλο_Βαμβάκι_100g,Xalkiadakis,0.8
2025-11-01 18:52:12.700797,Babylino_Sensitive_No1_2-5Kg_26_τμχ,alt=Γαλαξίας,2.33
2025-11-01 18:52:12.700797,Babylino_Premium_No1_2-5Kg_68_τμχ,Xalkiadakis,14.07
2025-11-01 18:52:12.700797,Babylino_Premium_No1_2-5Kg_68_τμχ,Masoutis,16.63
2025-11-01 18:52:12.700797,Babylino_Premium_No1_2-5Kg_68_τμχ,MyMarket,16.63
2025-11-01 18:52:12.700797,SANI_Sensitive_Υποσέντονα_Maxi_Plus_Fresh_90x60cm_15τεμ,Sklavenitis,3.89
2025-11-01 18:52:12.700797,SANI_Sensitive_Υποσέντονα_Maxi_Plus_Fresh_90x60cm_15τεμ,Xalkiadakis,3.9
2025-11-01 18:52:12.700797,SANI_Sensitive_Υποσέντονα_Maxi_Plus_Fresh_90x60cm_15τεμ,alt=Γαλαξίας,4.19
2025-11-01 18:52:12.700797,SANI_Sensitive_Υποσέντονα_Maxi_Plus_Fresh_90x60cm_15τεμ,Vassilopoulos,4.3
2025-11-01 18:52:12.700797,SANI_Sensitive_Υποσέντονα_Maxi_Plus_Fresh_90x60cm_15τεμ,Bazaar,4.69
2025-11-01 18:52:12.700797,SANI_Sensitive_Υποσέντονα_Maxi_Plus_Fresh_90x60cm_15τεμ,Thanopoulos,5.9
2025-11-01 18:52:12.700797,ECONOMY_Παιδικά_Υποσέντονα_60Χ90_12τεμ,MarketIn,4.74
2025-11-01 18:52:12.700797,Septona_Υποσέντονα_Dry_Plus_Regular_90x60_15τεμ,MyMarket,3.56
2025-11-01 18:52:12.700797,Septona_Υποσέντονα_Dry_Plus_Regular_90x60_15τεμ,alt=Γαλαξίας,4.4
2025-11-01 18:52:12.700797,Septona_Υποσέντονα_Dry_Plus_Regular_90x60_15τεμ,Masoutis,5.08
2025-11-01 18:52:12.700797,Septona_Υποσέντονα_Dry_Plus_Regular_90x60_15τεμ,Xalkiadakis,5.35
2025-11-01 18:52:12.700797,Υποσέντονα_ακράτειας_Sani_Sensitive_Maxi_Plus_15τμχ,alt=Γαλαξίας,3.82
2025-11-01 18:52:12.700797,Υποσέντονα_ακράτειας_Sani_Sensitive_Maxi_Plus_15τμχ,Krhtikos,4.23
2025-11-01 18:52:12.700797,Υποσέντονα_ακράτειας_Sani_Sensitive_Maxi_Plus_15τμχ,Masoutis,4.8
2025-11-01 18:52:12.700797,Υποσέντονα_ακράτειας_Sani_Sensitive_Maxi_Plus_15τμχ,MyMarket,4.8
2025-11-01 18:52:12.700797,Υποσέντονα_ακράτειας_Sani_Sensitive_Maxi_Plus_15τμχ,Thanopoulos,4.8
2025-11-01 18:52:12.700797,Υποσέντονα_ακράτειας_Sani_Sensitive_Maxi_Plus_15τμχ,Vassilopoulos,4.99
2025-11-01 18:52:12.700797,SETTE_Comfort_Υποσέντονα_60x90cm_15τεμ,Sklavenitis,3.6
2025-11-01 18:52:12.700797,ECONOMY_Υποσέντονα_60x90cm_15τεμ,MarketIn,3.49
2025-11-01 18:52:12.700797,SETTE_Elements_Υδρόφιλο_Βαμβάκι_200g,Sklavenitis,1.4
2025-11-01 18:52:12.700797,SETTE_Elements_Υδρόφιλο_Βαμβάκι_200g,Xalkiadakis,1.4
2025-11-01 18:52:12.700797,CARE_Βαμβάκι_Zig_Zag_100g,Vassilopoulos,0.84
2025-11-01 18:52:12.700797,GLOW&BEAUTY_Βαμβάκι_κομμένο_100gr,MarketIn,0.94
2025-11-01 18:52:12.700797,GLOW&BEAUTY_Βαμβάκι_100g,MarketIn,0.94
2025-11-01 18:52:12.700797,ECONOMY_Βαμβάκι_100gr,MarketIn,1.09
2025-11-01 18:52:12.700797,Μέγα_Βαμβάκι_200gr,MyMarket,2.55
2025-11-01 18:52:12.700797,Μέγα_Βαμβάκι_200gr,Xalkiadakis,2.72
2025-11-01 18:52:12.700797,Μέγα_Βαμβάκι_200gr,Masoutis,2.73
2025-11-01 18:52:12.700797,Μέγα_Βαμβάκι_200gr,Thanopoulos,2.73
2025-11-01 18:52:12.700797,Μέγα_Βαμβάκι_200gr,Vassilopoulos,2.87
2025-11-01 18:52:12.700797,My_Soft_Βαμβάκι_200g,MyMarket,1.67
2025-11-01 18:52:12.700797,CARE_Βαμβάκι_PreCut_200g,Vassilopoulos,1.47
2025-11-01 18:52:12.700797,MrGrand_Βαμβάκι_ΖικΖακ_200g,Masoutis,1.69
2025-11-01 18:52:12.700797,Waitrose_βαμβάκι_200g,Thanopoulos,3.7
2025-11-01 18:52:12.700797,SETTE_Elements_Υδρόφιλο_Βαμβάκι_100g,Sklavenitis,0.8
2025-11-01 18:52:12.700797,SETTE_Elements_Υδρόφιλο_Βαμβάκι_100g,Xalkiadakis,0.8
2025-11-02 16:51:13.807597,Babylino_Sensitive_No1_2-5Kg_26_τμχ,alt=Γαλαξίας,2.33
2025-11-02 16:51:13.807597,Babylino_Premium_No1_2-5Kg_68_τμχ,Xalkiadakis,14.07
2025-11-02 16:51:13.807597,Babylino_Premium_No1_2-5Kg_68_τμχ,Masoutis,16.63
2025-11-02 16:51:13.807597,Babylino_Premium_No1_2-5Kg_68_τμχ,MyMarket,16.63
2025-11-02 16:51:13.807597,SANI_Sensitive_Υποσέντονα_Maxi_Plus_Fresh_90x60cm_15τεμ,Sklavenitis,3.89
2025-11-02 16:51:13.807597,SANI_Sensitive_Υποσέντονα_Maxi_Plus_Fresh_90x60cm_15τεμ,Xalkiadakis,3.9
2025-11-02 16:51:13.807597,SANI_Sensitive_Υποσέντονα_Maxi_Plus_Fresh_90x60cm_15τεμ,alt=Γαλαξίας,4.19
2025-11-02 16:51:13.807597,SANI_Sensitive_Υποσέντονα_Maxi_Plus_Fresh_90x60cm_15τεμ,Vassilopoulos,4.3
2025-11-02 16:51:13.807597,SANI_Sensitive_Υποσέντονα_Maxi_Plus_Fresh_90x60cm_15τεμ,Bazaar,4.69
2025-11-02 16:51:13.807597,SANI_Sensitive_Υποσέντονα_Maxi_Plus_Fresh_90x60cm_15τεμ,Thanopoulos,5.9
2025-11-02 16:51:13.807597,ECONOMY_Παιδικά_Υποσέντονα_60Χ90_12τεμ,MarketIn,4.74
2025-11-02 16:51:13.807597,Septona_Υποσέντονα_Dry_Plus_Regular_90x60_15τεμ,MyMarket,3.56
2025-11-02 16:51:13.807597,Septona_Υποσέντονα_Dry_Plus_Regular_90x60_15τεμ,alt=Γαλαξίας,4.4
2025-11-02 16:51:13.807597,Septona_Υποσέντονα_Dry_Plus_Regular_90x60_15τεμ,Masoutis,5.08
2025-11-02 16:51:13.807597,Septona_Υποσέντονα_Dry_Plus_Regular_90x60_15τεμ,Xalkiadakis,5.35
2025-11-02 16:51:13.807597,Υποσέντονα_ακράτειας_Sani_Sensitive_Maxi_Plus_15τμχ,alt=Γαλαξίας,3.82
2025-11-02 16:51:13.807597,Υποσέντονα_ακράτειας_Sani_Sensitive_Maxi_Plus_15τμχ,Krhtikos,4.23
2025-11-02 16:51:13.807597,Υποσέντονα_ακράτειας_Sani_Sensitive_Maxi_Plus_15τμχ,Masoutis,4.8
2025-11-02 16:51:13.807597,Υποσέντονα_ακράτειας_Sani_Sensitive_Maxi_Plus_15τμχ,MyMarket,4.8
2025-11-02 16:51:13.807597,Υποσέντονα_ακράτειας_Sani_Sensitive_Maxi_Plus_15τμχ,Thanopoulos,4.8
2025-11-02 16:51:13.807597,Υποσέντονα_ακράτειας_Sani_Sensitive_Maxi_Plus_15τμχ,Vassilopoulos,4.99
2025-11-02 16:51:13.807597,SETTE_Comfort_Υποσέντονα_60x90cm_15τεμ,Sklavenitis,3.6
2025-11-02 16:51:13.807597,ECONOMY_Υποσέντονα_60x90cm_15τεμ,MarketIn,3.49
2025-11-02 16:51:13.807597,SETTE_Elements_Υδρόφιλο_Βαμβάκι_200g,Sklavenitis,1.4
2025-11-02 16:51:13.807597,SETTE_Elements_Υδρόφιλο_Βαμβάκι_200g,Xalkiadakis,1.4
2025-11-02 16:51:13.807597,CARE_Βαμβάκι_Zig_Zag_100g,Vassilopoulos,0.84
2025-11-02 16:51:13.807597,GLOW&BEAUTY_Βαμβάκι_κομμένο_100gr,MarketIn,0.94
2025-11-02 16:51:13.807597,GLOW&BEAUTY_Βαμβάκι_100g,MarketIn,0.94
2025-11-02 16:51:13.807597,ECONOMY_Βαμβάκι_100gr,MarketIn,1.09
2025-11-02 16:51:13.807597,Μέγα_Βαμβάκι_200gr,MyMarket,2.55
2025-11-02 16:51:13.807597,Μέγα_Βαμβάκι_200gr,Xalkiadakis,2.72
2025-11-02 16:51:13.807597,Μέγα_Βαμβάκι_200gr,Masoutis,2.73
2025-11-02 16:51:13.807597,Μέγα_Βαμβάκι_200gr,Thanopoulos,2.73
2025-11-02 16:51:13.807597,Μέγα_Βαμβάκι_200gr,Vassilopoulos,2.87
2025-11-02 16:51:13.807597,My_Soft_Βαμβάκι_200g,MyMarket,1.67
2025-11-02 16:51:13.807597,CARE_Βαμβάκι_PreCut_200g,Vassilopoulos,1.47
2025-11-02 16:51:13.807597,MrGrand_Βαμβάκι_ΖικΖακ_200g,Masoutis,1.69
2025-11-02 16:51:13.807597,Waitrose_βαμβάκι_200g,Thanopoulos,3.7
2025-11-02 16:51:13.807597,SETTE_Elements_Υδρόφιλο_Βαμβάκι_100g,Sklavenitis,0.8
2025-11-02 16:51:13.807597,SETTE_Elements_Υδρόφιλο_Βαμβάκι_100g,Xalkiadakis,0.8
2025-11-02 19:14:05.591836,Babylino_Sensitive_No1_2-5Kg_26_τμχ,alt=Γαλαξίας,2.33
2025-11-02 19:14:05.591836,Babylino_Premium_No1_2-5Kg_68_τμχ,Xalkiadakis,14.07
2025-11-02 19:14:05.591836,Babylino_Premium_No1_2-5Kg_68_τμχ,Masoutis,16.63
2025-11-02 19:14:05.591836,Babylino_Premium_No1_2-5Kg_68_τμχ,MyMarket,16.63
2025-11-02 19:14:05.591836,SANI_Sensitive_Υποσέντονα_Maxi_Plus_Fresh_90x60cm_15τεμ,Sklavenitis,3.89
2025-11-02 19:14:05.591836,SANI_Sensitive_Υποσέντονα_Maxi_Plus_Fresh_90x60cm_15τεμ,Xalkiadakis,3.9
2025-11-02 19:14:05.591836,SANI_Sensitive_Υποσέντονα_Maxi_Plus_Fresh_90x60cm_15τεμ,alt=Γαλαξίας,4.19
2025-11-02 19:14:05.591836,SANI_Sensitive_Υποσέντονα_Maxi_Plus_Fresh_90x60cm_15τεμ,Vassilopoulos,4.3
2025-11-02 19:14:05.591836,SANI_Sensitive_Υποσέντονα_Maxi_Plus_Fresh_90x60cm_15τεμ,Bazaar,4.69
2025-11-02 19:14:05.591836,SANI_Sensitive_Υποσέντονα_Maxi_Plus_Fresh_90x60cm_15τεμ,Thanopoulos,5.9
2025-11-02 19:14:05.591836,ECONOMY_Παιδικά_Υποσέντονα_60Χ90_12τεμ,MarketIn,4.74
2025-11-02 19:14:05.591836,Septona_Υποσέντονα_Dry_Plus_Regular_90x60_15τεμ,MyMarket,3.56
2025-11-02 19:14:05.591836,Septona_Υποσέντονα_Dry_Plus_Regular_90x60_15τεμ,alt=Γαλαξίας,4.4
2025-11-02 19:14:05.591836,Septona_Υποσέντονα_Dry_Plus_Regular_90x60_15τεμ,Masoutis,5.08
2025-11-02 19:14:05.591836,Septona_Υποσέντονα_Dry_Plus_Regular_90x60_15τεμ,Xalkiadakis,5.35
2025-11-02 19:14:05.591836,Υποσέντονα_ακράτειας_Sani_Sensitive_Maxi_Plus_15τμχ,alt=Γαλαξίας,3.82
2025-11-02 19:14:05.591836,Υποσέντονα_ακράτειας_Sani_Sensitive_Maxi_Plus_15τμχ,Krhtikos,4.23
2025-11-02 19:14:05.591836,Υποσέντονα_ακράτειας_Sani_Sensitive_Maxi_Plus_15τμχ,Masoutis,4.8
2025-11-02 19:14:05.591836,Υποσέντονα_ακράτειας_Sani_Sensitive_Maxi_Plus_15τμχ,MyMarket,4.8
2025-11-02 19:14:05.591836,Υποσέντονα_ακράτειας_Sani_Sensitive_Maxi_Plus_15τμχ,Thanopoulos,4.8
2025-11-02 19:14:05.591836,Υποσέντονα_ακράτειας_Sani_Sensitive_Maxi_Plus_15τμχ,Vassilopoulos,4.99
2025-11-02 19:14:05.591836,SETTE_Comfort_Υποσέντονα_60x90cm_15τεμ,Sklavenitis,3.6
2025-11-02 19:14:05.591836,ECONOMY_Υποσέντονα_60x90cm_15τεμ,MarketIn,3.49
2025-11-02 19:14:05.591836,SETTE_Elements_Υδρόφιλο_Βαμβάκι_200g,Sklavenitis,1.4
2025-11-02 19:14:05.591836,SETTE_Elements_Υδρόφιλο_Βαμβάκι_200g,Xalkiadakis,1.4
2025-11-02 19:14:05.591836,CARE_Βαμβάκι_Zig_Zag_100g,Vassilopoulos,0.84
2025-11-02 19:14:05.591836,GLOW&BEAUTY_Βαμβάκι_κομμένο_100gr,MarketIn,0.94
2025-11-02 19:14:05.591836,GLOW&BEAUTY_Βαμβάκι_100g,MarketIn,0.94
2025-11-02 19:14:05.591836,ECONOMY_Βαμβάκι_100gr,MarketIn,1.09
2025-11-02 19:14:05.591836,Μέγα_Βαμβάκι_200gr,MyMarket,2.55
2025-11-02 19:14:05.591836,Μέγα_Βαμβάκι_200gr,Xalkiadakis,2.72
2025-11-02 19:14:05.591836,Μέγα_Βαμβάκι_200gr,Masoutis,2.73
2025-11-02 19:14:05.591836,Μέγα_Βαμβάκι_200gr,Thanopoulos,2.73
2025-11-02 19:14:05.591836,Μέγα_Βαμβάκι_200gr,Vassilopoulos,2.87
2025-11-02 19:14:05.591836,My_Soft_Βαμβάκι_200g,MyMarket,1.67
2025-11-02 19:14:05.591836,CARE_Βαμβάκι_PreCut_200g,Vassilopoulos,1.47
2025-11-02 19:14:05.591836,MrGrand_Βαμβάκι_ΖικΖακ_200g,Masoutis,1.69
2025-11-02 19:14:05.591836,Waitrose_βαμβάκι_200g,Thanopoulos,3.7
2025-11-02 19:14:05.591836,SETTE_Elements_Υδρόφιλο_Βαμβάκι_100g,Sklavenitis,0.8
2025-11-02 19:14:05.591836,SETTE_Elements_Υδρόφιλο_Βαμβάκι_100g,Xalkiadakis,0.8
2025-11-02 23:14:13.760959,Babylino_Sensitive_No1_2-5Kg_26_τμχ,alt=Γαλαξίας,2.33
2025-11-02 23:14:13.760959,Babylino_Premium_No1_2-5Kg_68_τμχ,Xalkiadakis,14.07
2025-11-02 23:14:13.760959,Babylino_Premium_No1_2-5Kg_68_τμχ,Masoutis,16.63
2025-11-02 23:14:13.760959,Babylino_Premium_No1_2-5Kg_68_τμχ,MyMarket,16.63
2025-11-02 23:14:13.760959,SANI_Sensitive_Υποσέντονα_Maxi_Plus_Fresh_90x60cm_15τεμ,Sklavenitis,3.89
2025-11-02 23:14:13.760959,SANI_Sensitive_Υποσέντονα_Maxi_Plus_Fresh_90x60cm_15τεμ,Xalkiadakis,3.9
2025-11-02 23:14:13.760959,SANI_Sensitive_Υποσέντονα_Maxi_Plus_Fresh_90x60cm_15τεμ,alt=Γαλαξίας,4.19
2025-11-02 23:14:13.760959,SANI_Sensitive_Υποσέντονα_Maxi_Plus_Fresh_90x60cm_15τεμ,Vassilopoulos,4.3
2025-11-02 23:14:13.760959,SANI_Sensitive_Υποσέντονα_Maxi_Plus_Fresh_90x60cm_15τεμ,Bazaar,4.69
2025-11-02 23:14:13.760959,SANI_Sensitive_Υποσέντονα_Maxi_Plus_Fresh_90x60cm_15τεμ,Thanopoulos,5.9
2025-11-02 23:14:13.760959,ECONOMY_Παιδικά_Υποσέντονα_60Χ90_12τεμ,MarketIn,4.74
2025-11-02 23:14:13.760959,Septona_Υποσέντονα_Dry_Plus_Regular_90x60_15τεμ,MyMarket,3.56
2025-11-02 23:14:13.760959,Septona_Υποσέντονα_Dry_Plus_Regular_90x60_15τεμ,alt=Γαλαξίας,4.4
2025-11-02 23:14:13.760959,Septona_Υποσέντονα_Dry_Plus_Regular_90x60_15τεμ,Masoutis,5.08
2025-11-02 23:14:13.760959,Septona_Υποσέντονα_Dry_Plus_Regular_90x60_15τεμ,Xalkiadakis,5.35
2025-11-02 23:14:13.760959,Υποσέντονα_ακράτειας_Sani_Sensitive_Maxi_Plus_15τμχ,alt=Γαλαξίας,3.82
2025-11-02 23:14:13.760959,Υποσέντονα_ακράτειας_Sani_Sensitive_Maxi_Plus_15τμχ,Krhtikos,4.23
2025-11-02 23:14:13.760959,Υποσέντονα_ακράτειας_Sani_Sensitive_Maxi_Plus_15τμχ,Masoutis,4.8
2025-11-02 23:14:13.760959,Υποσέντονα_ακράτειας_Sani_Sensitive_Maxi_Plus_15τμχ,MyMarket,4.8
2025-11-02 23:14:13.760959,Υποσέντονα_ακράτειας_Sani_Sensitive_Maxi_Plus_15τμχ,Thanopoulos,4.8
2025-11-02 23:14:13.760959,Υποσέντονα_ακράτειας_Sani_Sensitive_Maxi_Plus_15τμχ,Vassilopoulos,4.99
2025-11-02 23:14:13.760959,SETTE_Comfort_Υποσέντονα_60x90cm_15τεμ,Sklavenitis,3.6
2025-11-02 23:14:13.760959,ECONOMY_Υποσέντονα_60x90cm_15τεμ,MarketIn,3.49
2025-11-02 23:14:13.760959,SETTE_Elements_Υδρόφιλο_Βαμβάκι_200g,Sklavenitis,1.4
2025-11-02 23:14:13.760959,SETTE_Elements_Υδρόφιλο_Βαμβάκι_200g,Xalkiadakis,1.4
2025-11-02 23:14:13.760959,CARE_Βαμβάκι_Zig_Zag_100g,Vassilopoulos,0.84
2025-11-02 23:14:13.760959,GLOW&BEAUTY_Βαμβάκι_κομμένο_100gr,MarketIn,0.94
2025-11-02 23:14:13.760959,GLOW&BEAUTY_Βαμβάκι_100g,MarketIn,0.94
2025-11-02 23:14:13.760959,ECONOMY_Βαμβάκι_100gr,MarketIn,1.09
2025-11-02 23:14:13.760959,Μέγα_Βαμβάκι_200gr,MyMarket,2.55
2025-11-02 23:14:13.760959,Μέγα_Βαμβάκι_200gr,Xalkiadakis,2.72
2025-11-02 23:14:13.760959,Μέγα_Βαμβάκι_200gr,Masoutis,2.73
2025-11-02 23:14:13.760959,Μέγα_Βαμβάκι_200gr,Thanopoulos,2.73
2025-11-02 23:14:13.760959,Μέγα_Βαμβάκι_200gr,Vassilopoulos,2.87
2025-11-02 23:14:13.760959,My_Soft_Βαμβάκι_200g,MyMarket,1.67
2025-11-02 23:14:13.760959,CARE_Βαμβάκι_PreCut_200g,Vassilopoulos,1.47
2025-11-02 23:14:13.760959,MrGrand_Βαμβάκι_ΖικΖακ_200g,Masoutis,1.69
2025-11-02 23:14:13.760959,Waitrose_βαμβάκι_200g,Thanopoulos,3.7
2025-11-02 23:14:13.760959,SETTE_Elements_Υδρόφιλο_Βαμβάκι_100g,Sklavenitis,0.8
2025-11-02 23:14:13.760959,SETTE_Elements_Υδρόφιλο_Βαμβάκι_100g,Xalkiadakis,0.8
2025-11-03 07:18:16.454313,Babylino_Sensitive_No1_2-5Kg_26_τμχ,alt=Γαλαξίας,2.33
2025-11-03 07:18:16.454313,Babylino_Premium_No1_2-5Kg_68_τμχ,MyMarket,12.79
2025-11-03 07:18:16.454313,Babylino_Premium_No1_2-5Kg_68_τμχ,Masoutis,16.63
2025-11-03 07:18:16.454313,SANI_Sensitive_Υποσέντονα_Maxi_Plus_Fresh_90x60cm_15τεμ,Sklavenitis,3.89
2025-11-03 07:18:16.454313,SANI_Sensitive_Υποσέντονα_Maxi_Plus_Fresh_90x60cm_15τεμ,alt=Γαλαξίας,4.19
2025-11-03 07:18:16.454313,SANI_Sensitive_Υποσέντονα_Maxi_Plus_Fresh_90x60cm_15τεμ,Vassilopoulos,4.3
2025-11-03 07:18:16.454313,SANI_Sensitive_Υποσέντονα_Maxi_Plus_Fresh_90x60cm_15τεμ,Bazaar,4.69
2025-11-03 07:18:16.454313,SANI_Sensitive_Υποσέντονα_Maxi_Plus_Fresh_90x60cm_15τεμ,Thanopoulos,5.9
2025-11-03 07:18:16.454313,ECONOMY_Παιδικά_Υποσέντονα_60Χ90_12τεμ,MarketIn,4.74
2025-11-03 07:18:16.454313,Septona_Υποσέντονα_Dry_Plus_Regular_90x60_15τεμ,MyMarket,3.56
2025-11-03 07:18:16.454313,Septona_Υποσέντονα_Dry_Plus_Regular_90x60_15τεμ,alt=Γαλαξίας,4.4
2025-11-03 07:18:16.454313,Septona_Υποσέντονα_Dry_Plus_Regular_90x60_15τεμ,Masoutis,5.08
2025-11-03 07:18:16.454313,Υποσέντονα_ακράτειας_Sani_Sensitive_Maxi_Plus_15τμχ,alt=Γαλαξίας,3.82
2025-11-03 07:18:16.454313,Υποσέντονα_ακράτειας_Sani_Sensitive_Maxi_Plus_15τμχ,Krhtikos,4.23
2025-11-03 07:18:16.454313,Υποσέντονα_ακράτειας_Sani_Sensitive_Maxi_Plus_15τμχ,Masoutis,4.8
2025-11-03 07:18:16.454313,Υποσέντονα_ακράτειας_Sani_Sensitive_Maxi_Plus_15τμχ,MyMarket,4.8
2025-11-03 07:18:16.454313,Υποσέντονα_ακράτειας_Sani_Sensitive_Maxi_Plus_15τμχ,Thanopoulos,4.8
2025-11-03 07:18:16.454313,Υποσέντονα_ακράτειας_Sani_Sensitive_Maxi_Plus_15τμχ,Vassilopoulos,4.99
2025-11-03 07:18:16.454313,SETTE_Comfort_Υποσέντονα_60x90cm_15τεμ,Sklavenitis,3.6
2025-11-03 07:18:16.454313,ECONOMY_Υποσέντονα_60x90cm_15τεμ,MarketIn,3.49
2025-11-03 07:18:16.454313,SETTE_Elements_Υδρόφιλο_Βαμβάκι_200g,Sklavenitis,1.4
2025-11-03 07:18:16.454313,CARE_Βαμβάκι_Zig_Zag_100g,Vassilopoulos,0.84
2025-11-03 07:18:16.454313,GLOW&BEAUTY_Βαμβάκι_κομμένο_100gr,MarketIn,0.94
2025-11-03 07:18:16.454313,GLOW&BEAUTY_Βαμβάκι_100g,MarketIn,0.94
2025-11-03 07:18:16.454313,ECONOMY_Βαμβάκι_100gr,MarketIn,1.09
2025-11-03 07:18:16.454313,Μέγα_Βαμβάκι_200gr,MyMarket,2.55
2025-11-03 07:18:16.454313,Μέγα_Βαμβάκι_200gr,Masoutis,2.73
2025-11-03 07:18:16.454313,Μέγα_Βαμβάκι_200gr,Thanopoulos,2.73
2025-11-03 07:18:16.454313,Μέγα_Βαμβάκι_200gr,Vassilopoulos,2.87
2025-11-03 07:18:16.454313,My_Soft_Βαμβάκι_200g,MyMarket,1.67
2025-11-03 07:18:16.454313,CARE_Βαμβάκι_PreCut_200g,Vassilopoulos,1.47
2025-11-03 07:18:16.454313,MrGrand_Βαμβάκι_ΖικΖακ_200g,Masoutis,1.69
2025-11-03 07:18:16.454313,Waitrose_βαμβάκι_200g,Thanopoulos,3.7
2025-11-03 07:18:16.454313,SETTE_Elements_Υδρόφιλο_Βαμβάκι_100g,Sklavenitis,0.8
2025-11-03 13:15:11.859081,Babylino_Sensitive_No1_2-5Kg_26_τμχ,alt=Γαλαξίας,2.33
2025-11-03 13:15:11.859081,Babylino_Premium_No1_2-5Kg_68_τμχ,MyMarket,12.79
2025-11-03 13:15:11.859081,Babylino_Premium_No1_2-5Kg_68_τμχ,Masoutis,16.63
2025-11-03 13:15:11.859081,SANI_Sensitive_Υποσέντονα_Maxi_Plus_Fresh_90x60cm_15τεμ,Sklavenitis,3.89
2025-11-03 13:15:11.859081,SANI_Sensitive_Υποσέντονα_Maxi_Plus_Fresh_90x60cm_15τεμ,alt=Γαλαξίας,4.19
2025-11-03 13:15:11.859081,SANI_Sensitive_Υποσέντονα_Maxi_Plus_Fresh_90x60cm_15τεμ,Vassilopoulos,4.3
2025-11-03 13:15:11.859081,SANI_Sensitive_Υποσέντονα_Maxi_Plus_Fresh_90x60cm_15τεμ,Bazaar,4.69
2025-11-03 13:15:11.859081,SANI_Sensitive_Υποσέντονα_Maxi_Plus_Fresh_90x60cm_15τεμ,Thanopoulos,5.9
2025-11-03 13:15:11.859081,ECONOMY_Παιδικά_Υποσέντονα_60Χ90_12τεμ,MarketIn,4.74
2025-11-03 13:15:11.859081,Septona_Υποσέντονα_Dry_Plus_Regular_90x60_15τεμ,MyMarket,3.56
2025-11-03 13:15:11.859081,Septona_Υποσέντονα_Dry_Plus_Regular_90x60_15τεμ,alt=Γαλαξίας,4.4
2025-11-03 13:15:11.859081,Septona_Υποσέντονα_Dry_Plus_Regular_90x60_15τεμ,Masoutis,5.08
2025-11-03 13:15:11.859081,Υποσέντονα_ακράτειας_Sani_Sensitive_Maxi_Plus_15τμχ,alt=Γαλαξίας,3.82
2025-11-03 13:15:11.859081,Υποσέντονα_ακράτειας_Sani_Sensitive_Maxi_Plus_15τμχ,Krhtikos,4.23
2025-11-03 13:15:11.859081,Υποσέντονα_ακράτειας_Sani_Sensitive_Maxi_Plus_15τμχ,Masoutis,4.8
2025-11-03 13:15:11.859081,Υποσέντονα_ακράτειας_Sani_Sensitive_Maxi_Plus_15τμχ,MyMarket,4.8
2025-11-03 13:15:11.859081,Υποσέντονα_ακράτειας_Sani_Sensitive_Maxi_Plus_15τμχ,Thanopoulos,4.8
2025-11-03 13:15:11.859081,Υποσέντονα_ακράτειας_Sani_Sensitive_Maxi_Plus_15τμχ,Vassilopoulos,4.99
2025-11-03 13:15:11.859081,SETTE_Comfort_Υποσέντονα_60x90cm_15τεμ,Sklavenitis,3.6
2025-11-03 13:15:11.859081,ECONOMY_Υποσέντονα_60x90cm_15τεμ,MarketIn,3.49
2025-11-03 13:15:11.859081,SETTE_Elements_Υδρόφιλο_Βαμβάκι_200g,Sklavenitis,1.4
2025-11-03 13:15:11.859081,CARE_Βαμβάκι_Zig_Zag_100g,Vassilopoulos,0.84
2025-11-03 13:15:11.859081,GLOW&BEAUTY_Βαμβάκι_κομμένο_100gr,MarketIn,0.94
2025-11-03 13:15:11.859081,GLOW&BEAUTY_Βαμβάκι_100g,MarketIn,0.94
2025-11-03 13:15:11.859081,ECONOMY_Βαμβάκι_100gr,MarketIn,1.09
2025-11-03 13:15:11.859081,Μέγα_Βαμβάκι_200gr,MyMarket,2.55
2025-11-03 13:15:11.859081,Μέγα_Βαμβάκι_200gr,Masoutis,2.73
2025-11-03 13:15:11.859081,Μέγα_Βαμβάκι_200gr,Thanopoulos,2.73
2025-11-03 13:15:11.859081,Μέγα_Βαμβάκι_200gr,Vassilopoulos,2.87
2025-11-03 13:15:11.859081,My_Soft_Βαμβάκι_200g,MyMarket,1.67
2025-11-03 13:15:11.859081,CARE_Βαμβάκι_PreCut_200g,Vassilopoulos,1.47
2025-11-03 13:15:11.859081,MrGrand_Βαμβάκι_ΖικΖακ_200g,Masoutis,1.69
2025-11-03 13:15:11.859081,Waitrose_βαμβάκι_200g,Thanopoulos,3.7
2025-11-03 13:15:11.859081,SETTE_Elements_Υδρόφιλο_Βαμβάκι_100g,Sklavenitis,0.8
2025-11-03 19:16:05.919496,Babylino_Sensitive_No1_2-5Kg_26_τμχ,alt=Γαλαξίας,2.33
2025-11-03 19:16:05.919496,Babylino_Premium_No1_2-5Kg_68_τμχ,MyMarket,12.79
2025-11-03 19:16:05.919496,Babylino_Premium_No1_2-5Kg_68_τμχ,Masoutis,16.63
2025-11-03 19:16:05.919496,SANI_Sensitive_Υποσέντονα_Maxi_Plus_Fresh_90x60cm_15τεμ,Sklavenitis,3.89
2025-11-03 19:16:05.919496,SANI_Sensitive_Υποσέντονα_Maxi_Plus_Fresh_90x60cm_15τεμ,alt=Γαλαξίας,4.19
2025-11-03 19:16:05.919496,SANI_Sensitive_Υποσέντονα_Maxi_Plus_Fresh_90x60cm_15τεμ,Vassilopoulos,4.3
2025-11-03 19:16:05.919496,SANI_Sensitive_Υποσέντονα_Maxi_Plus_Fresh_90x60cm_15τεμ,Bazaar,4.69
2025-11-03 19:16:05.919496,SANI_Sensitive_Υποσέντονα_Maxi_Plus_Fresh_90x60cm_15τεμ,Thanopoulos,5.9
2025-11-03 19:16:05.919496,ECONOMY_Παιδικά_Υποσέντονα_60Χ90_12τεμ,MarketIn,4.74
2025-11-03 19:16:05.919496,Septona_Υποσέντονα_Dry_Plus_Regular_90x60_15τεμ,MyMarket,3.56
2025-11-03 19:16:05.919496,Septona_Υποσέντονα_Dry_Plus_Regular_90x60_15τεμ,alt=Γαλαξίας,4.4
2025-11-03 19:16:05.919496,Septona_Υποσέντονα_Dry_Plus_Regular_90x60_15τεμ,Masoutis,5.08
2025-11-03 19:16:05.919496,Υποσέντονα_ακράτειας_Sani_Sensitive_Maxi_Plus_15τμχ,alt=Γαλαξίας,3.82
2025-11-03 19:16:05.919496,Υποσέντονα_ακράτειας_Sani_Sensitive_Maxi_Plus_15τμχ,Krhtikos,4.23
2025-11-03 19:16:05.919496,Υποσέντονα_ακράτειας_Sani_Sensitive_Maxi_Plus_15τμχ,Masoutis,4.8
2025-11-03 19:16:05.919496,Υποσέντονα_ακράτειας_Sani_Sensitive_Maxi_Plus_15τμχ,MyMarket,4.8
2025-11-03 19:16:05.919496,Υποσέντονα_ακράτειας_Sani_Sensitive_Maxi_Plus_15τμχ,Thanopoulos,4.8
2025-11-03 19:16:05.919496,Υποσέντονα_ακράτειας_Sani_Sensitive_Maxi_Plus_15τμχ,Vassilopoulos,4.99
2025-11-03 19:16:05.919496,SETTE_Comfort_Υποσέντονα_60x90cm_15τεμ,Sklavenitis,3.6
2025-11-03 19:16:05.919496,ECONOMY_Υποσέντονα_60x90cm_15τεμ,MarketIn,3.49
2025-11-03 19:16:05.919496,SETTE_Elements_Υδρόφιλο_Βαμβάκι_200g,Sklavenitis,1.4
2025-11-03 19:16:05.919496,CARE_Βαμβάκι_Zig_Zag_100g,Vassilopoulos,0.84
2025-11-03 19:16:05.919496,GLOW&BEAUTY_Βαμβάκι_κομμένο_100gr,MarketIn,0.94
2025-11-03 19:16:05.919496,GLOW&BEAUTY_Βαμβάκι_100g,MarketIn,0.94
2025-11-03 19:16:05.919496,ECONOMY_Βαμβάκι_100gr,MarketIn,1.09
2025-11-03 19:16:05.919496,Μέγα_Βαμβάκι_200gr,MyMarket,2.55
2025-11-03 19:16:05.919496,Μέγα_Βαμβάκι_200gr,Masoutis,2.73
2025-11-03 19:16:05.919496,Μέγα_Βαμβάκι_200gr,Thanopoulos,2.73
2025-11-03 19:16:05.919496,Μέγα_Βαμβάκι_200gr,Vassilopoulos,2.87
2025-11-03 19:16:05.919496,My_Soft_Βαμβάκι_200g,MyMarket,1.67
2025-11-03 19:16:05.919496,CARE_Βαμβάκι_PreCut_200g,Vassilopoulos,1.47
2025-11-03 19:16:05.919496,MrGrand_Βαμβάκι_ΖικΖακ_200g,Masoutis,1.69
2025-11-03 19:16:05.919496,Waitrose_βαμβάκι_200g,Thanopoulos,3.7
2025-11-03 19:16:05.919496,SETTE_Elements_Υδρόφιλο_Βαμβάκι_100g,Sklavenitis,0.8
2025-11-03 23:16:12.647490,Babylino_Sensitive_No1_2-5Kg_26_τμχ,alt=Γαλαξίας,2.33
2025-11-03 23:16:12.647490,Babylino_Premium_No1_2-5Kg_68_τμχ,MyMarket,12.79
2025-11-03 23:16:12.647490,Babylino_Premium_No1_2-5Kg_68_τμχ,Masoutis,16.63
2025-11-03 23:16:12.647490,SANI_Sensitive_Υποσέντονα_Maxi_Plus_Fresh_90x60cm_15τεμ,Sklavenitis,3.89
2025-11-03 23:16:12.647490,SANI_Sensitive_Υποσέντονα_Maxi_Plus_Fresh_90x60cm_15τεμ,alt=Γαλαξίας,4.19
2025-11-03 23:16:12.647490,SANI_Sensitive_Υποσέντονα_Maxi_Plus_Fresh_90x60cm_15τεμ,Vassilopoulos,4.3
2025-11-03 23:16:12.647490,SANI_Sensitive_Υποσέντονα_Maxi_Plus_Fresh_90x60cm_15τεμ,Bazaar,4.69
2025-11-03 23:16:12.647490,SANI_Sensitive_Υποσέντονα_Maxi_Plus_Fresh_90x60cm_15τεμ,Thanopoulos,5.9
2025-11-03 23:16:12.647490,ECONOMY_Παιδικά_Υποσέντονα_60Χ90_12τεμ,MarketIn,4.74
2025-11-03 23:16:12.647490,Septona_Υποσέντονα_Dry_Plus_Regular_90x60_15τεμ,MyMarket,3.56
2025-11-03 23:16:12.647490,Septona_Υποσέντονα_Dry_Plus_Regular_90x60_15τεμ,alt=Γαλαξίας,4.4
2025-11-03 23:16:12.647490,Septona_Υποσέντονα_Dry_Plus_Regular_90x60_15τεμ,Masoutis,5.08
2025-11-03 23:16:12.647490,Υποσέντονα_ακράτειας_Sani_Sensitive_Maxi_Plus_15τμχ,alt=Γαλαξίας,3.82
2025-11-03 23:16:12.647490,Υποσέντονα_ακράτειας_Sani_Sensitive_Maxi_Plus_15τμχ,Krhtikos,4.23
2025-11-03 23:16:12.647490,Υποσέντονα_ακράτειας_Sani_Sensitive_Maxi_Plus_15τμχ,Masoutis,4.8
2025-11-03 23:16:12.647490,Υποσέντονα_ακράτειας_Sani_Sensitive_Maxi_Plus_15τμχ,MyMarket,4.8
2025-11-03 23:16:12.647490,Υποσέντονα_ακράτειας_Sani_Sensitive_Maxi_Plus_15τμχ,Thanopoulos,4.8
2025-11-03 23:16:12.647490,Υποσέντονα_ακράτειας_Sani_Sensitive_Maxi_Plus_15τμχ,Vassilopoulos,4.99
2025-11-03 23:16:12.647490,SETTE_Comfort_Υποσέντονα_60x90cm_15τεμ,Sklavenitis,3.6
2025-11-03 23:16:12.647490,ECONOMY_Υποσέντονα_60x90cm_15τεμ,MarketIn,3.49
2025-11-03 23:16:12.647490,SETTE_Elements_Υδρόφιλο_Βαμβάκι_200g,Sklavenitis,1.4
2025-11-03 23:16:12.647490,CARE_Βαμβάκι_Zig_Zag_100g,Vassilopoulos,0.84
2025-11-03 23:16:12.647490,GLOW&BEAUTY_Βαμβάκι_κομμένο_100gr,MarketIn,0.94
2025-11-03 23:16:12.647490,GLOW&BEAUTY_Βαμβάκι_100g,MarketIn,0.94
2025-11-03 23:16:12.647490,ECONOMY_Βαμβάκι_100gr,MarketIn,1.09
2025-11-03 23:16:12.647490,Μέγα_Βαμβάκι_200gr,MyMarket,2.55
2025-11-03 23:16:12.647490,Μέγα_Βαμβάκι_200gr,Masoutis,2.73
2025-11-03 23:16:12.647490,Μέγα_Βαμβάκι_200gr,Thanopoulos,2.73
2025-11-03 23:16:12.647490,Μέγα_Βαμβάκι_200gr,Vassilopoulos,2.87
2025-11-03 23:16:12.647490,My_Soft_Βαμβάκι_200g,MyMarket,1.67
2025-11-03 23:16:12.647490,CARE_Βαμβάκι_PreCut_200g,Vassilopoulos,1.47
2025-11-03 23:16:12.647490,MrGrand_Βαμβάκι_ΖικΖακ_200g,Masoutis,1.69
2025-11-03 23:16:12.647490,Waitrose_βαμβάκι_200g,Thanopoulos,3.7
2025-11-03 23:16:12.647490,SETTE_Elements_Υδρόφιλο_Βαμβάκι_100g,Sklavenitis,0.8
2025-11-04 07:17:44.840465,Babylino_Sensitive_No1_2-5Kg_26_τμχ,alt=Γαλαξίας,2.33
2025-11-04 07:17:44.840465,Babylino_Premium_No1_2-5Kg_68_τμχ,MyMarket,12.79
2025-11-04 07:17:44.840465,Babylino_Premium_No1_2-5Kg_68_τμχ,Masoutis,16.63
2025-11-04 07:17:44.840465,SANI_Sensitive_Υποσέντονα_Maxi_Plus_Fresh_90x60cm_15τεμ,Sklavenitis,3.89
2025-11-04 07:17:44.840465,SANI_Sensitive_Υποσέντονα_Maxi_Plus_Fresh_90x60cm_15τεμ,alt=Γαλαξίας,4.19
2025-11-04 07:17:44.840465,SANI_Sensitive_Υποσέντονα_Maxi_Plus_Fresh_90x60cm_15τεμ,Vassilopoulos,4.3
2025-11-04 07:17:44.840465,SANI_Sensitive_Υποσέντονα_Maxi_Plus_Fresh_90x60cm_15τεμ,Bazaar,4.69
2025-11-04 07:17:44.840465,SANI_Sensitive_Υποσέντονα_Maxi_Plus_Fresh_90x60cm_15τεμ,Thanopoulos,5.9
2025-11-04 07:17:44.840465,ECONOMY_Παιδικά_Υποσέντονα_60Χ90_12τεμ,MarketIn,4.74
2025-11-04 07:17:44.840465,Septona_Υποσέντονα_Dry_Plus_Regular_90x60_15τεμ,MyMarket,3.56
2025-11-04 07:17:44.840465,Septona_Υποσέντονα_Dry_Plus_Regular_90x60_15τεμ,alt=Γαλαξίας,4.4
2025-11-04 07:17:44.840465,Septona_Υποσέντονα_Dry_Plus_Regular_90x60_15τεμ,Masoutis,5.08
2025-11-04 07:17:44.840465,Υποσέντονα_ακράτειας_Sani_Sensitive_Maxi_Plus_15τμχ,alt=Γαλαξίας,3.82
2025-11-04 07:17:44.840465,Υποσέντονα_ακράτειας_Sani_Sensitive_Maxi_Plus_15τμχ,Krhtikos,4.23
2025-11-04 07:17:44.840465,Υποσέντονα_ακράτειας_Sani_Sensitive_Maxi_Plus_15τμχ,Masoutis,4.8
2025-11-04 07:17:44.840465,Υποσέντονα_ακράτειας_Sani_Sensitive_Maxi_Plus_15τμχ,MyMarket,4.8
2025-11-04 07:17:44.840465,Υποσέντονα_ακράτειας_Sani_Sensitive_Maxi_Plus_15τμχ,Thanopoulos,4.8
2025-11-04 07:17:44.840465,Υποσέντονα_ακράτειας_Sani_Sensitive_Maxi_Plus_15τμχ,Vassilopoulos,4.99
2025-11-04 07:17:44.840465,SETTE_Comfort_Υποσέντονα_60x90cm_15τεμ,Sklavenitis,3.6
2025-11-04 07:17:44.840465,ECONOMY_Υποσέντονα_60x90cm_15τεμ,MarketIn,3.49
2025-11-04 07:17:44.840465,SETTE_Elements_Υδρόφιλο_Βαμβάκι_200g,Sklavenitis,1.4
2025-11-04 07:17:44.840465,CARE_Βαμβάκι_Zig_Zag_100g,Vassilopoulos,0.84
2025-11-04 07:17:44.840465,GLOW&BEAUTY_Βαμβάκι_κομμένο_100gr,MarketIn,0.94
2025-11-04 07:17:44.840465,GLOW&BEAUTY_Βαμβάκι_100g,MarketIn,0.94
2025-11-04 07:17:44.840465,ECONOMY_Βαμβάκι_100gr,MarketIn,1.09
2025-11-04 07:17:44.840465,Μέγα_Βαμβάκι_200gr,MyMarket,2.55
2025-11-04 07:17:44.840465,Μέγα_Βαμβάκι_200gr,Masoutis,2.73
2025-11-04 07:17:44.840465,Μέγα_Βαμβάκι_200gr,Thanopoulos,2.73
2025-11-04 07:17:44.840465,Μέγα_Βαμβάκι_200gr,Vassilopoulos,2.87
2025-11-04 07:17:44.840465,My_Soft_Βαμβάκι_200g,MyMarket,1.67
2025-11-04 07:17:44.840465,CARE_Βαμβάκι_PreCut_200g,Vassilopoulos,1.47
2025-11-04 07:17:44.840465,MrGrand_Βαμβάκι_ΖικΖακ_200g,Masoutis,1.69
2025-11-04 07:17:44.840465,Waitrose_βαμβάκι_200g,Thanopoulos,3.7
2025-11-04 07:17:44.840465,SETTE_Elements_Υδρόφιλο_Βαμβάκι_100g,Sklavenitis,0.8
2025-11-04 13:16:12.724963,Babylino_Sensitive_No1_2-5Kg_26_τμχ,alt=Γαλαξίας,2.33
2025-11-04 13:16:12.724963,Babylino_Premium_No1_2-5Kg_68_τμχ,MyMarket,12.79
2025-11-04 13:16:12.724963,Babylino_Premium_No1_2-5Kg_68_τμχ,Masoutis,16.63
2025-11-04 13:16:12.724963,SANI_Sensitive_Υποσέντονα_Maxi_Plus_Fresh_90x60cm_15τεμ,Sklavenitis,3.89
2025-11-04 13:16:12.724963,SANI_Sensitive_Υποσέντονα_Maxi_Plus_Fresh_90x60cm_15τεμ,alt=Γαλαξίας,4.19
2025-11-04 13:16:12.724963,SANI_Sensitive_Υποσέντονα_Maxi_Plus_Fresh_90x60cm_15τεμ,Vassilopoulos,4.3
2025-11-04 13:16:12.724963,SANI_Sensitive_Υποσέντονα_Maxi_Plus_Fresh_90x60cm_15τεμ,Bazaar,4.69
2025-11-04 13:16:12.724963,SANI_Sensitive_Υποσέντονα_Maxi_Plus_Fresh_90x60cm_15τεμ,Thanopoulos,5.9
2025-11-04 13:16:12.724963,ECONOMY_Παιδικά_Υποσέντονα_60Χ90_12τεμ,MarketIn,4.74
2025-11-04 13:16:12.724963,Septona_Υποσέντονα_Dry_Plus_Regular_90x60_15τεμ,MyMarket,3.56
2025-11-04 13:16:12.724963,Septona_Υποσέντονα_Dry_Plus_Regular_90x60_15τεμ,alt=Γαλαξίας,4.4
2025-11-04 13:16:12.724963,Septona_Υποσέντονα_Dry_Plus_Regular_90x60_15τεμ,Masoutis,5.08
2025-11-04 13:16:12.724963,Υποσέντονα_ακράτειας_Sani_Sensitive_Maxi_Plus_15τμχ,alt=Γαλαξίας,3.82
2025-11-04 13:16:12.724963,Υποσέντονα_ακράτειας_Sani_Sensitive_Maxi_Plus_15τμχ,Krhtikos,4.23
2025-11-04 13:16:12.724963,Υποσέντονα_ακράτειας_Sani_Sensitive_Maxi_Plus_15τμχ,Masoutis,4.8
2025-11-04 13:16:12.724963,Υποσέντονα_ακράτειας_Sani_Sensitive_Maxi_Plus_15τμχ,MyMarket,4.8
2025-11-04 13:16:12.724963,Υποσέντονα_ακράτειας_Sani_Sensitive_Maxi_Plus_15τμχ,Thanopoulos,4.8
2025-11-04 13:16:12.724963,Υποσέντονα_ακράτειας_Sani_Sensitive_Maxi_Plus_15τμχ,Vassilopoulos,4.99
2025-11-04 13:16:12.724963,SETTE_Comfort_Υποσέντονα_60x90cm_15τεμ,Sklavenitis,3.6
2025-11-04 13:16:12.724963,ECONOMY_Υποσέντονα_60x90cm_15τεμ,MarketIn,3.49
2025-11-04 13:16:12.724963,SETTE_Elements_Υδρόφιλο_Βαμβάκι_200g,Sklavenitis,1.4
2025-11-04 13:16:12.724963,CARE_Βαμβάκι_Zig_Zag_100g,Vassilopoulos,0.84
2025-11-04 13:16:12.724963,GLOW&BEAUTY_Βαμβάκι_κομμένο_100gr,MarketIn,0.94
2025-11-04 13:16:12.724963,GLOW&BEAUTY_Βαμβάκι_100g,MarketIn,0.94
2025-11-04 13:16:12.724963,ECONOMY_Βαμβάκι_100gr,MarketIn,1.09
2025-11-04 13:16:12.724963,Μέγα_Βαμβάκι_200gr,MyMarket,2.55
2025-11-04 13:16:12.724963,Μέγα_Βαμβάκι_200gr,Masoutis,2.73
2025-11-04 13:16:12.724963,Μέγα_Βαμβάκι_200gr,Thanopoulos,2.73
2025-11-04 13:16:12.724963,Μέγα_Βαμβάκι_200gr,Vassilopoulos,2.87
2025-11-04 13:16:12.724963,My_Soft_Βαμβάκι_200g,MyMarket,1.67
2025-11-04 13:16:12.724963,CARE_Βαμβάκι_PreCut_200g,Vassilopoulos,1.47
2025-11-04 13:16:12.724963,MrGrand_Βαμβάκι_ΖικΖακ_200g,Masoutis,1.69
2025-11-04 13:16:12.724963,Waitrose_βαμβάκι_200g,Thanopoulos,3.7
2025-11-04 13:16:12.724963,SETTE_Elements_Υδρόφιλο_Βαμβάκι_100g,Sklavenitis,0.8
2025-11-04 19:13:44.608173,Babylino_Sensitive_No1_2-5Kg_26_τμχ,alt=Γαλαξίας,2.33
2025-11-04 19:13:44.608173,Babylino_Premium_No1_2-5Kg_68_τμχ,MyMarket,12.79
2025-11-04 19:13:44.608173,Babylino_Premium_No1_2-5Kg_68_τμχ,Masoutis,16.63
2025-11-04 19:13:44.608173,SANI_Sensitive_Υποσέντονα_Maxi_Plus_Fresh_90x60cm_15τεμ,Sklavenitis,3.89
2025-11-04 19:13:44.608173,SANI_Sensitive_Υποσέντονα_Maxi_Plus_Fresh_90x60cm_15τεμ,alt=Γαλαξίας,4.19
2025-11-04 19:13:44.608173,SANI_Sensitive_Υποσέντονα_Maxi_Plus_Fresh_90x60cm_15τεμ,Vassilopoulos,4.3
2025-11-04 19:13:44.608173,SANI_Sensitive_Υποσέντονα_Maxi_Plus_Fresh_90x60cm_15τεμ,Bazaar,4.69
2025-11-04 19:13:44.608173,SANI_Sensitive_Υποσέντονα_Maxi_Plus_Fresh_90x60cm_15τεμ,Thanopoulos,5.9
2025-11-04 19:13:44.608173,ECONOMY_Παιδικά_Υποσέντονα_60Χ90_12τεμ,MarketIn,4.74
2025-11-04 19:13:44.608173,Septona_Υποσέντονα_Dry_Plus_Regular_90x60_15τεμ,MyMarket,3.56
2025-11-04 19:13:44.608173,Septona_Υποσέντονα_Dry_Plus_Regular_90x60_15τεμ,alt=Γαλαξίας,4.4
2025-11-04 19:13:44.608173,Septona_Υποσέντονα_Dry_Plus_Regular_90x60_15τεμ,Masoutis,5.08
2025-11-04 19:13:44.608173,Υποσέντονα_ακράτειας_Sani_Sensitive_Maxi_Plus_15τμχ,alt=Γαλαξίας,3.82
2025-11-04 19:13:44.608173,Υποσέντονα_ακράτειας_Sani_Sensitive_Maxi_Plus_15τμχ,Krhtikos,4.23
2025-11-04 19:13:44.608173,Υποσέντονα_ακράτειας_Sani_Sensitive_Maxi_Plus_15τμχ,Masoutis,4.8
2025-11-04 19:13:44.608173,Υποσέντονα_ακράτειας_Sani_Sensitive_Maxi_Plus_15τμχ,MyMarket,4.8
2025-11-04 19:13:44.608173,Υποσέντονα_ακράτειας_Sani_Sensitive_Maxi_Plus_15τμχ,Thanopoulos,4.8
2025-11-04 19:13:44.608173,Υποσέντονα_ακράτειας_Sani_Sensitive_Maxi_Plus_15τμχ,Vassilopoulos,4.99
2025-11-04 19:13:44.608173,SETTE_Comfort_Υποσέντονα_60x90cm_15τεμ,Sklavenitis,3.6
2025-11-04 19:13:44.608173,ECONOMY_Υποσέντονα_60x90cm_15τεμ,MarketIn,3.49
2025-11-04 19:13:44.608173,SETTE_Elements_Υδρόφιλο_Βαμβάκι_200g,Sklavenitis,1.4
2025-11-04 19:13:44.608173,CARE_Βαμβάκι_Zig_Zag_100g,Vassilopoulos,0.84
2025-11-04 19:13:44.608173,GLOW&BEAUTY_Βαμβάκι_κομμένο_100gr,MarketIn,0.94
2025-11-04 19:13:44.608173,GLOW&BEAUTY_Βαμβάκι_100g,MarketIn,0.94
2025-11-04 19:13:44.608173,ECONOMY_Βαμβάκι_100gr,MarketIn,1.09
2025-11-04 19:13:44.608173,Μέγα_Βαμβάκι_200gr,MyMarket,2.55
2025-11-04 19:13:44.608173,Μέγα_Βαμβάκι_200gr,Masoutis,2.73
2025-11-04 19:13:44.608173,Μέγα_Βαμβάκι_200gr,Thanopoulos,2.73
2025-11-04 19:13:44.608173,Μέγα_Βαμβάκι_200gr,Vassilopoulos,2.87
2025-11-04 19:13:44.608173,My_Soft_Βαμβάκι_200g,MyMarket,1.67
2025-11-04 19:13:44.608173,CARE_Βαμβάκι_PreCut_200g,Vassilopoulos,1.47
2025-11-04 19:13:44.608173,MrGrand_Βαμβάκι_ΖικΖακ_200g,Masoutis,1.69
2025-11-04 19:13:44.608173,Waitrose_βαμβάκι_200g,Thanopoulos,3.7
2025-11-04 19:13:44.608173,SETTE_Elements_Υδρόφιλο_Βαμβάκι_100g,Sklavenitis,0.8
2025-11-04 23:16:06.622391,Babylino_Sensitive_No1_2-5Kg_26_τμχ,alt=Γαλαξίας,2.33
2025-11-04 23:16:06.622391,Babylino_Premium_No1_2-5Kg_68_τμχ,MyMarket,12.79
2025-11-04 23:16:06.622391,Babylino_Premium_No1_2-5Kg_68_τμχ,Masoutis,16.63
2025-11-04 23:16:06.622391,SANI_Sensitive_Υποσέντονα_Maxi_Plus_Fresh_90x60cm_15τεμ,Sklavenitis,3.89
2025-11-04 23:16:06.622391,SANI_Sensitive_Υποσέντονα_Maxi_Plus_Fresh_90x60cm_15τεμ,alt=Γαλαξίας,4.19
2025-11-04 23:16:06.622391,SANI_Sensitive_Υποσέντονα_Maxi_Plus_Fresh_90x60cm_15τεμ,Vassilopoulos,4.3
2025-11-04 23:16:06.622391,SANI_Sensitive_Υποσέντονα_Maxi_Plus_Fresh_90x60cm_15τεμ,Bazaar,4.69
2025-11-04 23:16:06.622391,SANI_Sensitive_Υποσέντονα_Maxi_Plus_Fresh_90x60cm_15τεμ,Thanopoulos,5.9
2025-11-04 23:16:06.622391,ECONOMY_Παιδικά_Υποσέντονα_60Χ90_12τεμ,MarketIn,4.74
2025-11-04 23:16:06.622391,Septona_Υποσέντονα_Dry_Plus_Regular_90x60_15τεμ,MyMarket,3.56
2025-11-04 23:16:06.622391,Septona_Υποσέντονα_Dry_Plus_Regular_90x60_15τεμ,alt=Γαλαξίας,4.4
2025-11-04 23:16:06.622391,Septona_Υποσέντονα_Dry_Plus_Regular_90x60_15τεμ,Masoutis,5.08
2025-11-04 23:16:06.622391,Υποσέντονα_ακράτειας_Sani_Sensitive_Maxi_Plus_15τμχ,alt=Γαλαξίας,3.82
2025-11-04 23:16:06.622391,Υποσέντονα_ακράτειας_Sani_Sensitive_Maxi_Plus_15τμχ,Krhtikos,4.23
2025-11-04 23:16:06.622391,Υποσέντονα_ακράτειας_Sani_Sensitive_Maxi_Plus_15τμχ,Masoutis,4.8
2025-11-04 23:16:06.622391,Υποσέντονα_ακράτειας_Sani_Sensitive_Maxi_Plus_15τμχ,MyMarket,4.8
2025-11-04 23:16:06.622391,Υποσέντονα_ακράτειας_Sani_Sensitive_Maxi_Plus_15τμχ,Thanopoulos,4.8
2025-11-04 23:16:06.622391,Υποσέντονα_ακράτειας_Sani_Sensitive_Maxi_Plus_15τμχ,Vassilopoulos,4.99
2025-11-04 23:16:06.622391,SETTE_Comfort_Υποσέντονα_60x90cm_15τεμ,Sklavenitis,3.6
2025-11-04 23:16:06.622391,ECONOMY_Υποσέντονα_60x90cm_15τεμ,MarketIn,3.49
2025-11-04 23:16:06.622391,SETTE_Elements_Υδρόφιλο_Βαμβάκι_200g,Sklavenitis,1.4
2025-11-04 23:16:06.622391,CARE_Βαμβάκι_Zig_Zag_100g,Vassilopoulos,0.84
2025-11-04 23:16:06.622391,GLOW&BEAUTY_Βαμβάκι_κομμένο_100gr,MarketIn,0.94
2025-11-04 23:16:06.622391,GLOW&BEAUTY_Βαμβάκι_100g,MarketIn,0.94
2025-11-04 23:16:06.622391,ECONOMY_Βαμβάκι_100gr,MarketIn,1.09
2025-11-04 23:16:06.622391,Μέγα_Βαμβάκι_200gr,MyMarket,2.55
2025-11-04 23:16:06.622391,Μέγα_Βαμβάκι_200gr,Masoutis,2.73
2025-11-04 23:16:06.622391,Μέγα_Βαμβάκι_200gr,Thanopoulos,2.73
2025-11-04 23:16:06.622391,Μέγα_Βαμβάκι_200gr,Vassilopoulos,2.87
2025-11-04 23:16:06.622391,My_Soft_Βαμβάκι_200g,MyMarket,1.67
2025-11-04 23:16:06.622391,CARE_Βαμβάκι_PreCut_200g,Vassilopoulos,1.47
2025-11-04 23:16:06.622391,MrGrand_Βαμβάκι_ΖικΖακ_200g,Masoutis,1.69
2025-11-04 23:16:06.622391,Waitrose_βαμβάκι_200g,Thanopoulos,3.7
2025-11-04 23:16:06.622391,SETTE_Elements_Υδρόφιλο_Βαμβάκι_100g,Sklavenitis,0.8
2025-11-05 07:17:58.175190,Babylino_Sensitive_No1_2-5Kg_26_τμχ,alt=Γαλαξίας,2.33
2025-11-05 07:17:58.175190,Babylino_Premium_No1_2-5Kg_68_τμχ,MyMarket,12.79
2025-11-05 07:17:58.175190,Babylino_Premium_No1_2-5Kg_68_τμχ,Masoutis,16.63
2025-11-05 07:17:58.175190,SANI_Sensitive_Υποσέντονα_Maxi_Plus_Fresh_90x60cm_15τεμ,Sklavenitis,3.89
2025-11-05 07:17:58.175190,SANI_Sensitive_Υποσέντονα_Maxi_Plus_Fresh_90x60cm_15τεμ,alt=Γαλαξίας,4.19
2025-11-05 07:17:58.175190,SANI_Sensitive_Υποσέντονα_Maxi_Plus_Fresh_90x60cm_15τεμ,Vassilopoulos,4.3
2025-11-05 07:17:58.175190,SANI_Sensitive_Υποσέντονα_Maxi_Plus_Fresh_90x60cm_15τεμ,Bazaar,4.69
2025-11-05 07:17:58.175190,SANI_Sensitive_Υποσέντονα_Maxi_Plus_Fresh_90x60cm_15τεμ,Thanopoulos,5.9
2025-11-05 07:17:58.175190,ECONOMY_Παιδικά_Υποσέντονα_60Χ90_12τεμ,MarketIn,4.74
2025-11-05 07:17:58.175190,Septona_Υποσέντονα_Dry_Plus_Regular_90x60_15τεμ,MyMarket,3.56
2025-11-05 07:17:58.175190,Septona_Υποσέντονα_Dry_Plus_Regular_90x60_15τεμ,alt=Γαλαξίας,4.4
2025-11-05 07:17:58.175190,Septona_Υποσέντονα_Dry_Plus_Regular_90x60_15τεμ,Masoutis,5.08
2025-11-05 07:17:58.175190,Υποσέντονα_ακράτειας_Sani_Sensitive_Maxi_Plus_15τμχ,alt=Γαλαξίας,3.82
2025-11-05 07:17:58.175190,Υποσέντονα_ακράτειας_Sani_Sensitive_Maxi_Plus_15τμχ,Krhtikos,4.23
2025-11-05 07:17:58.175190,Υποσέντονα_ακράτειας_Sani_Sensitive_Maxi_Plus_15τμχ,Masoutis,4.8
2025-11-05 07:17:58.175190,Υποσέντονα_ακράτειας_Sani_Sensitive_Maxi_Plus_15τμχ,MyMarket,4.8
2025-11-05 07:17:58.175190,Υποσέντονα_ακράτειας_Sani_Sensitive_Maxi_Plus_15τμχ,Thanopoulos,4.8
2025-11-05 07:17:58.175190,Υποσέντονα_ακράτειας_Sani_Sensitive_Maxi_Plus_15τμχ,Vassilopoulos,4.99
2025-11-05 07:17:58.175190,SETTE_Comfort_Υποσέντονα_60x90cm_15τεμ,Sklavenitis,3.6
2025-11-05 07:17:58.175190,ECONOMY_Υποσέντονα_60x90cm_15τεμ,MarketIn,3.99
2025-11-05 07:17:58.175190,SETTE_Elements_Υδρόφιλο_Βαμβάκι_200g,Sklavenitis,1.4
2025-11-05 07:17:58.175190,CARE_Βαμβάκι_Zig_Zag_100g,Vassilopoulos,0.84
2025-11-05 07:17:58.175190,GLOW&BEAUTY_Βαμβάκι_κομμένο_100gr,MarketIn,0.94
2025-11-05 07:17:58.175190,GLOW&BEAUTY_Βαμβάκι_100g,MarketIn,0.94
2025-11-05 07:17:58.175190,ECONOMY_Βαμβάκι_100gr,MarketIn,1.09
2025-11-05 07:17:58.175190,Μέγα_Βαμβάκι_200gr,MyMarket,2.55
2025-11-05 07:17:58.175190,Μέγα_Βαμβάκι_200gr,Masoutis,2.73
2025-11-05 07:17:58.175190,Μέγα_Βαμβάκι_200gr,Thanopoulos,2.73
2025-11-05 07:17:58.175190,Μέγα_Βαμβάκι_200gr,Vassilopoulos,2.87
2025-11-05 07:17:58.175190,My_Soft_Βαμβάκι_200g,MyMarket,1.67
2025-11-05 07:17:58.175190,CARE_Βαμβάκι_PreCut_200g,Vassilopoulos,1.47
2025-11-05 07:17:58.175190,MrGrand_Βαμβάκι_ΖικΖακ_200g,Masoutis,1.69
2025-11-05 07:17:58.175190,Waitrose_βαμβάκι_200g,Thanopoulos,3.14
2025-11-05 07:17:58.175190,SETTE_Elements_Υδρόφιλο_Βαμβάκι_100g,Sklavenitis,0.8
2025-11-05 13:15:46.718890,Babylino_Sensitive_No1_2-5Kg_26_τμχ,alt=Γαλαξίας,2.33
2025-11-05 13:15:46.718890,Babylino_Premium_No1_2-5Kg_68_τμχ,MyMarket,12.79
2025-11-05 13:15:46.718890,Babylino_Premium_No1_2-5Kg_68_τμχ,Masoutis,16.63
2025-11-05 13:15:46.718890,SANI_Sensitive_Υποσέντονα_Maxi_Plus_Fresh_90x60cm_15τεμ,Sklavenitis,3.89
2025-11-05 13:15:46.718890,SANI_Sensitive_Υποσέντονα_Maxi_Plus_Fresh_90x60cm_15τεμ,alt=Γαλαξίας,4.19
2025-11-05 13:15:46.718890,SANI_Sensitive_Υποσέντονα_Maxi_Plus_Fresh_90x60cm_15τεμ,Vassilopoulos,4.3
2025-11-05 13:15:46.718890,SANI_Sensitive_Υποσέντονα_Maxi_Plus_Fresh_90x60cm_15τεμ,Bazaar,4.69
2025-11-05 13:15:46.718890,SANI_Sensitive_Υποσέντονα_Maxi_Plus_Fresh_90x60cm_15τεμ,Thanopoulos,5.9
2025-11-05 13:15:46.718890,ECONOMY_Παιδικά_Υποσέντονα_60Χ90_12τεμ,MarketIn,4.74
2025-11-05 13:15:46.718890,Septona_Υποσέντονα_Dry_Plus_Regular_90x60_15τεμ,MyMarket,3.56
2025-11-05 13:15:46.718890,Septona_Υποσέντονα_Dry_Plus_Regular_90x60_15τεμ,alt=Γαλαξίας,4.4
2025-11-05 13:15:46.718890,Septona_Υποσέντονα_Dry_Plus_Regular_90x60_15τεμ,Masoutis,5.08
2025-11-05 13:15:46.718890,Υποσέντονα_ακράτειας_Sani_Sensitive_Maxi_Plus_15τμχ,alt=Γαλαξίας,3.82
2025-11-05 13:15:46.718890,Υποσέντονα_ακράτειας_Sani_Sensitive_Maxi_Plus_15τμχ,Krhtikos,4.23
2025-11-05 13:15:46.718890,Υποσέντονα_ακράτειας_Sani_Sensitive_Maxi_Plus_15τμχ,Masoutis,4.8
2025-11-05 13:15:46.718890,Υποσέντονα_ακράτειας_Sani_Sensitive_Maxi_Plus_15τμχ,MyMarket,4.8
2025-11-05 13:15:46.718890,Υποσέντονα_ακράτειας_Sani_Sensitive_Maxi_Plus_15τμχ,Thanopoulos,4.8
2025-11-05 13:15:46.718890,Υποσέντονα_ακράτειας_Sani_Sensitive_Maxi_Plus_15τμχ,Vassilopoulos,4.99
2025-11-05 13:15:46.718890,SETTE_Comfort_Υποσέντονα_60x90cm_15τεμ,Sklavenitis,3.6
2025-11-05 13:15:46.718890,ECONOMY_Υποσέντονα_60x90cm_15τεμ,MarketIn,3.99
2025-11-05 13:15:46.718890,SETTE_Elements_Υδρόφιλο_Βαμβάκι_200g,Sklavenitis,1.4
2025-11-05 13:15:46.718890,CARE_Βαμβάκι_Zig_Zag_100g,Vassilopoulos,0.84
2025-11-05 13:15:46.718890,GLOW&BEAUTY_Βαμβάκι_κομμένο_100gr,MarketIn,0.94
2025-11-05 13:15:46.718890,GLOW&BEAUTY_Βαμβάκι_100g,MarketIn,0.94
2025-11-05 13:15:46.718890,ECONOMY_Βαμβάκι_100gr,MarketIn,1.09
2025-11-05 13:15:46.718890,Μέγα_Βαμβάκι_200gr,MyMarket,2.55
2025-11-05 13:15:46.718890,Μέγα_Βαμβάκι_200gr,Masoutis,2.73
2025-11-05 13:15:46.718890,Μέγα_Βαμβάκι_200gr,Thanopoulos,2.73
2025-11-05 13:15:46.718890,Μέγα_Βαμβάκι_200gr,Vassilopoulos,2.87
2025-11-05 13:15:46.718890,My_Soft_Βαμβάκι_200g,MyMarket,1.67
2025-11-05 13:15:46.718890,CARE_Βαμβάκι_PreCut_200g,Vassilopoulos,1.47
2025-11-05 13:15:46.718890,MrGrand_Βαμβάκι_ΖικΖακ_200g,Masoutis,1.69
2025-11-05 13:15:46.718890,Waitrose_βαμβάκι_200g,Thanopoulos,3.14
2025-11-05 13:15:46.718890,SETTE_Elements_Υδρόφιλο_Βαμβάκι_100g,Sklavenitis,0.8
