#time,wind_speed(Bf),wind_dir,height(m),moon_ilum(%),moon_pos(d/d_mean_perig),probability(%),Earth_pos(d_periastron),Atm_pres(mbar),prob_std,score,probability_new(%)
2026-09-30 22:53:50.444089,2.0, E ,0.2564408843571183,82.43,1.017515510021472,24.09890143737167,270.0,1022.0,11.279493561326237,16.303901437371664,4.7
2026-10-01 01:53:50.444089,3.0, SE ,0.28658421804704426,82.43,1.017515510021472,30.02690143737167,270.0,1022.0,16.371263573713545,45.30390143737167,16.0
2026-10-01 04:53:50.444089,3.0, E ,0.48608459824225647,82.43,1.017515510021472,36.54590143737166,270.0,1023.0,16.49901318261186,45.30390143737167,20.9
2026-10-01 07:53:50.444089,4.0, E ,0.472452822752922,82.43,1.017515510021472,45.86090143737168,270.0,1023.0,20.482059247058146,55.30390143737167,44.9
2026-10-01 10:53:50.444089,4.0, E ,0.2960321496160185,82.43,1.017515510021472,40.13390143737168,270.0,1023.0,20.213290182451743,55.30390143737167,35.9
2026-10-01 13:53:50.444089,3.0, E ,0.29554319954027247,82.43,1.017515510021472,30.33290143737167,270.0,1022.0,16.42145422914792,45.30390143737167,16.2
2026-10-01 16:53:50.444089,4.0, E ,0.4473967423485445,82.43,1.017515510021472,45.11790143737168,270.0,1022.0,20.543987052176607,55.30390143737167,43.9
2026-10-01 19:53:50.444089,3.0, E ,0.45945728206462805,82.43,1.017515510021472,35.72490143737166,270.0,1022.0,16.48349959808293,45.30390143737167,20.3
2026-10-01 22:53:50.444089,3.0, E ,0.3333866761151731,82.43,1.017515510021472,31.36390143737167,270.0,1022.0,16.440997536646005,45.30390143737167,17.0
2026-10-02 01:53:50.444089,3.0, SE ,0.31243310661224555,82.43,1.017515510021472,30.763901437371672,270.0,1022.0,16.46779888145347,45.30390143737167,16.6
2026-10-02 04:53:50.444089,3.0, SE ,0.41179034784630736,82.43,1.017515510021472,34.06090143737166,270.0,1022.0,16.67231090760966,45.30390143737167,19.2
2026-10-02 07:53:50.444089,3.0, SE ,0.4388593061843348,82.43,1.017515510021472,35.092901437371665,270.0,1023.0,16.55646336027112,45.30390143737167,19.9
2026-10-02 10:53:50.444089,4.0, E ,0.3668499436503027,82.43,1.017515510021472,42.21890143737168,270.0,1023.0,20.32239589713772,55.30390143737167,39.8
2026-10-02 13:53:50.444089,3.0, E ,0.33651085536028713,82.43,1.017515510021472,31.49790143737167,270.0,1023.0,16.435886468335077,45.30390143737167,17.0
2026-10-02 16:53:50.444089,3.0, SE ,0.380840928407183,82.43,1.017515510021472,32.93290143737167,270.0,1024.0,16.645100149893963,45.30390143737167,18.3
2026-10-02 19:53:50.444089,2.0, SE ,0.4115694975356663,82.43,1.017515510021472,28.82290143737167,270.0,1024.0,11.871884391283471,16.303901437371664,6.8
2026-10-02 22:53:50.444089,1.0, NE ,0.39494325941242087,82.43,1.017515510021472,26.26890143737167,270.0,1024.0,9.017747778686209,16.303901437371664,2.0
2026-10-03 01:53:50.444089,3.0, E ,0.3667086210064075,82.43,1.017515510021472,32.42690143737167,270.0,1023.0,16.5285169026141,45.30390143737167,17.6
2026-10-03 04:53:50.444089,3.0, E ,0.3559136365539341,82.43,1.017515510021472,32.09790143737167,270.0,1023.0,16.54163123757751,45.30390143737167,17.5
2026-10-03 07:53:50.444089,3.0, E ,0.3788008291207969,82.43,1.017515510021472,32.89590143737167,270.0,1023.0,16.6175069128916,45.30390143737167,18.1
2026-10-03 10:53:50.444089,4.0, E ,0.41643044661005935,82.43,1.017515510021472,44.11090143737168,270.0,1024.0,20.544336226804703,55.30390143737167,42.6
2026-10-03 13:53:50.444089,4.0, E ,0.40168199787820413,82.43,1.017515510021472,43.54190143737168,270.0,1024.0,20.548609587998893,55.30390143737167,42.0
2026-10-03 16:53:50.444089,3.0, E ,0.338101696427988,82.43,1.017515510021472,31.516901437371672,270.0,1024.0,16.459089616379153,45.30390143737167,17.0
2026-10-03 19:53:50.444089,3.0, SE ,0.34201393740958363,82.43,1.017515510021472,31.63090143737167,270.0,1024.0,16.493273507706103,45.30390143737167,17.0
2026-10-03 22:53:50.444089,2.0, SE ,0.43037359408712755,82.43,1.017515510021472,29.51290143737167,270.0,1024.0,11.856699329914715,16.303901437371664,6.8
2026-10-04 01:53:50.444089,3.0, E ,0.4398706349920348,82.43,1.017515510021472,35.12190143737166,270.0,1024.0,16.542879918563155,45.30390143737167,19.9
2026-10-04 04:53:50.444089,3.0, SE ,0.32817710222780816,82.43,1.017515510021472,31.23290143737167,270.0,1025.0,16.424979726014886,45.30390143737167,16.8
2026-10-04 07:53:50.444089,3.0, SE ,0.30285124397666696,82.43,1.017515510021472,30.54690143737167,270.0,1025.0,16.467542348510907,45.30390143737167,16.5
2026-10-04 10:53:50.444089,4.0, SE ,0.4361753522998124,82.43,1.017515510021472,44.798901437371676,270.0,1025.0,20.415875562904475,55.30390143737167,43.4
2026-10-04 13:53:50.444089,3.0, SE ,0.47956861221662417,82.43,1.017515510021472,36.32490143737167,270.0,1025.0,16.527751177943117,45.30390143737167,20.9
2026-10-04 16:53:50.444089,3.0, SE ,0.3265558061157362,82.43,1.017515510021472,31.205901437371672,270.0,1025.0,16.442092202636502,45.30390143737167,16.8
2026-10-04 19:53:50.444089,3.0, SE ,0.26306287738588574,82.43,1.017515510021472,29.420901437371672,270.0,1025.0,16.143893923090552,45.30390143737167,14.9
2026-10-04 22:53:50.444089,2.0, SE ,0.4336058678592151,82.43,1.017515510021472,29.653901437371673,270.0,1025.0,11.822330565501884,16.303901437371664,6.9
2026-10-05 01:53:50.444089,2.0, SE ,0.5190013826317288,82.43,1.017515510021472,32.20890143737167,270.0,1025.0,11.373916431906824,25.30390143737166,7.2
2026-10-05 04:53:50.444089,3.0, SE ,0.3332789658157179,82.43,1.017515510021472,31.353901437371672,270.0,1025.0,16.42399159765981,45.30390143737167,17.0
2026-10-05 07:53:50.444089,2.0, SE ,0.22442773668166213,82.43,1.017515510021472,23.24290143737167,270.0,1024.0,11.029110526239187,16.303901437371664,4.2
2026-10-05 10:53:50.444089,3.0, SE ,0.42281314173154627,82.43,1.017515510021472,34.51190143737166,270.0,1024.0,16.652829669458583,45.30390143737167,19.7
2026-10-05 13:53:50.444089,3.0, SE ,0.5564058105338645,82.43,1.017515510021472,38.591901437371675,270.0,1024.0,15.948700762131065,54.30390143737167,22.4
2026-10-05 16:53:50.444089,3.0, SE ,0.34801109774880595,82.43,1.017515510021472,31.81490143737167,270.0,1025.0,16.517925989663475,45.30390143737167,17.4
2026-10-05 19:53:50.444089,2.0, E ,0.1886732569995774,82.43,1.017515510021472,22.333901437371672,270.0,1025.0,10.706498026899366,16.303901437371664,3.9
2026-10-05 22:53:50.444089,3.0, NE ,0.4043163438826864,82.43,1.017515510021472,33.84590143737167,270.0,1025.0,16.639358040501442,45.30390143737167,18.9
2026-10-06 01:53:50.444089,1.0, NE ,0.5901096948891535,82.43,1.017515510021472,32.27590143737167,270.0,1024.0,7.519921276183684,25.30390143737166,2.3
2026-10-06 04:53:50.444089,2.0, NE ,0.37005521900557203,82.43,1.017515510021472,27.34190143737167,270.0,1024.0,11.751364005935653,16.303901437371664,6.2
2026-10-06 07:53:50.444089,2.0, NE ,0.157397496330043,82.43,1.017515510021472,21.61390143737167,270.0,1024.0,10.410758858027595,16.303901437371664,3.6
2026-10-06 10:53:50.444089,2.0, SE ,0.37898238592223316,82.43,1.017515510021472,27.66690143737167,270.0,1025.0,11.82417992928051,16.303901437371664,6.3
2026-10-06 13:53:50.444089,3.0, SE ,0.6186071912679584,82.43,1.017515510021472,40.243901437371676,270.0,1025.0,15.785322296361263,54.30390143737167,23.3
